,sample id,source,batch number,batch date,target composition,post processing id
0,uoft4_240405_Ag-0.125-Cu-0.125-Pd-0.75_pp0_rep1,uoft,4,240405,Ag-0.125-Cu-0.125-Pd-0.75,pp0
1,uoft4_240405_Ag-0.2-Pd-0.8_pp0_rep1,uoft,4,240405,Ag-0.2-Pd-0.8,pp0
2,uoft4_240405_Ag-0.222-Cu-0.333-Pd-0.444_pp0_rep1,uoft,4,240405,Ag-0.222-Cu-0.333-Pd-0.444,pp0
3,uoft4_240405_Ag-0.25-Au-0.25-Pd-0.5_pp0_rep1,uoft,4,240405,Ag-0.25-Au-0.25-Pd-0.5,pp0
4,uoft4_240405_Ag-0.333-Pd-0.667_pp0_rep1,uoft,4,240405,Ag-0.333-Pd-0.667,pp0
5,uoft4_240405_Ag-0.4-Pd-0.6_pp0_rep1,uoft,4,240405,Ag-0.4-Pd-0.6,pp0
6,uoft4_240405_Ag-0.429-Pd-0.571_pp0_rep1,uoft,4,240405,Ag-0.429-Pd-0.571,pp0
7,uoft4_240405_Ag-0.444-Pd-0.556_pp0_rep1,uoft,4,240405,Ag-0.444-Pd-0.556,pp0
8,uoft4_240405_Ag-0.5-Au-0.5_pp0_rep1,uoft,4,240405,Ag-0.5-Au-0.5,pp0
9,uoft4_240405_Ag-0.5-Cu-0.25-Pd-0.25_pp0_rep1,uoft,4,240405,Ag-0.5-Cu-0.25-Pd-0.25,pp0
10,uoft4_240405_Ag-0.5-Pd-0.5_pp0_rep1,uoft,4,240405,Ag-0.5-Pd-0.5,pp0
11,uoft4_240405_Ag-0.556-Pd-0.444_pp0_rep1,uoft,4,240405,Ag-0.556-Pd-0.444,pp0
12,uoft4_240405_Ag-0.625-Pd-0.375_pp0_rep1,uoft,4,240405,Ag-0.625-Pd-0.375,pp0
13,uoft4_240405_Ag-0.667-Pd-0.333_pp0_rep1,uoft,4,240405,Ag-0.667-Pd-0.333,pp0
14,uoft4_240405_Ag-0.75-Pd-0.25_pp0_rep1,uoft,4,240405,Ag-0.75-Pd-0.25,pp0
15,uoft4_240405_Ag-0.833-Cu-0.167_pp0_rep1,uoft,4,240405,Ag-0.833-Cu-0.167,pp0
16,uoft4_240405_Ag-0.833-Pd-0.167_pp0_rep1,uoft,4,240405,Ag-0.833-Pd-0.167,pp0
17,uoft4_240405_Ag-0.889-Cu-0.111_pp0_rep1,uoft,4,240405,Ag-0.889-Cu-0.111,pp0
18,uoft4_240405_Ag-0.889-Hg-0.111_pp0_rep1,uoft,4,240405,Ag-0.889-Hg-0.111,pp0
19,uoft4_240405_Ag-1.0_pp0_rep1,uoft,4,240405,Ag-1.0,pp0
20,uoft4_240405_Au-0.2-Cu-0.8_pp0_rep1,uoft,4,240405,Au-0.2-Cu-0.8,pp0
21,uoft4_240405_Au-0.25-Cu-0.75_pp0_rep1,uoft,4,240405,Au-0.25-Cu-0.75,pp0
22,uoft4_240405_Au-0.333-Tl-0.667_pp0_rep1,uoft,4,240405,Au-0.333-Tl-0.667,pp0
23,uoft4_240405_Au-0.429-Cu-0.571_pp0_rep1,uoft,4,240405,Au-0.429-Cu-0.571,pp0
24,uoft4_240405_Au-0.5-Cu-0.5_pp0_rep1,uoft,4,240405,Au-0.5-Cu-0.5,pp0
25,uoft4_240405_Au-0.5-Pd-0.5_pp0_rep1,uoft,4,240405,Au-0.5-Pd-0.5,pp0
26,uoft4_240405_Au-0.556-Cu-0.444_pp0_rep1,uoft,4,240405,Au-0.556-Cu-0.444,pp0
27,uoft4_240405_Au-0.6-Cu-0.4_pp0_rep1,uoft,4,240405,Au-0.6-Cu-0.4,pp0
28,uoft4_240405_Au-0.75-Cu-0.25_pp0_rep1,uoft,4,240405,Au-0.75-Cu-0.25,pp0
29,uoft4_240405_Au-0.8-Cu-0.2_pp0_rep1,uoft,4,240405,Au-0.8-Cu-0.2,pp0
30,uoft4_240405_Cu-0.111-Pd-0.889_pp0_rep1,uoft,4,240405,Cu-0.111-Pd-0.889,pp0
31,uoft4_240405_Cu-0.125-Pd-0.875_pp0_rep1,uoft,4,240405,Cu-0.125-Pd-0.875,pp0
32,uoft4_240405_Cu-0.167-Pd-0.833_pp0_rep1,uoft,4,240405,Cu-0.167-Pd-0.833,pp0
33,uoft4_240405_Cu-0.25-Pd-0.75_pp0_rep1,uoft,4,240405,Cu-0.25-Pd-0.75,pp0
34,uoft4_240405_Cu-0.333-Pd-0.667_pp0_rep1,uoft,4,240405,Cu-0.333-Pd-0.667,pp0
35,uoft4_240405_Cu-0.375-Pd-0.625_pp0_rep1,uoft,4,240405,Cu-0.375-Pd-0.625,pp0
36,uoft4_240405_Cu-0.444-Pd-0.556_pp0_rep1,uoft,4,240405,Cu-0.444-Pd-0.556,pp0
37,uoft4_240405_Cu-0.5-Pd-0.5_pp0_rep1,uoft,4,240405,Cu-0.5-Pd-0.5,pp0
38,uoft4_240405_Cu-0.556-Pd-0.444_pp0_rep1,uoft,4,240405,Cu-0.556-Pd-0.444,pp0
39,uoft4_240405_Cu-0.75-Pd-0.25_pp0_rep1,uoft,4,240405,Cu-0.75-Pd-0.25,pp0
40,uoft4_240405_Cu-0.8-Pd-0.2_pp0_rep1,uoft,4,240405,Cu-0.8-Pd-0.2,pp0
41,uoft4_240405_Cu-1.0_pp0_rep1,uoft,4,240405,Cu-1.0,pp0
42,uoft4_240405_Hg-0.5-Pd-0.5_pp0_rep1,uoft,4,240405,Hg-0.5-Pd-0.5,pp0
43,uoft4_240405_Pd-0.333-Tl-0.667_pp0_rep1,uoft,4,240405,Pd-0.333-Tl-0.667,pp0
44,uoft4_240405_Pd-0.591-Tl-0.409_pp0_rep1,uoft,4,240405,Pd-0.591-Tl-0.409,pp0
45,uoft4_240405_Pd-0.75-Tl-0.25_pp0_rep1,uoft,4,240405,Pd-0.75-Tl-0.25,pp0
46,uoft4_240405_Pd-1.0_pp0_rep1,uoft,4,240405,Pd-1.0,pp0
47,uoft4_240405_Rh-1.0_pp0_rep1,uoft,4,240405,Rh-1.0,pp0
48,uoft4_240405_Ag-0.125-Cu-0.125-Pd-0.75_pp0_rep2,uoft,4,240405,Ag-0.125-Cu-0.125-Pd-0.75,pp0
49,uoft4_240405_Ag-0.2-Pd-0.8_pp0_rep2,uoft,4,240405,Ag-0.2-Pd-0.8,pp0
50,uoft4_240405_Ag-0.222-Cu-0.333-Pd-0.444_pp0_rep2,uoft,4,240405,Ag-0.222-Cu-0.333-Pd-0.444,pp0
51,uoft4_240405_Ag-0.25-Au-0.25-Pd-0.5_pp0_rep2,uoft,4,240405,Ag-0.25-Au-0.25-Pd-0.5,pp0
52,uoft4_240405_Ag-0.333-Pd-0.667_pp0_rep2,uoft,4,240405,Ag-0.333-Pd-0.667,pp0
53,uoft4_240405_Ag-0.4-Pd-0.6_pp0_rep2,uoft,4,240405,Ag-0.4-Pd-0.6,pp0
54,uoft4_240405_Ag-0.429-Pd-0.571_pp0_rep2,uoft,4,240405,Ag-0.429-Pd-0.571,pp0
55,uoft4_240405_Ag-0.444-Pd-0.556_pp0_rep2,uoft,4,240405,Ag-0.444-Pd-0.556,pp0
56,uoft4_240405_Ag-0.5-Au-0.5_pp0_rep2,uoft,4,240405,Ag-0.5-Au-0.5,pp0
57,uoft4_240405_Ag-0.5-Cu-0.25-Pd-0.25_pp0_rep2,uoft,4,240405,Ag-0.5-Cu-0.25-Pd-0.25,pp0
58,uoft4_240405_Ag-0.5-Pd-0.5_pp0_rep2,uoft,4,240405,Ag-0.5-Pd-0.5,pp0
59,uoft4_240405_Ag-0.556-Pd-0.444_pp0_rep2,uoft,4,240405,Ag-0.556-Pd-0.444,pp0
60,uoft4_240405_Ag-0.625-Pd-0.375_pp0_rep2,uoft,4,240405,Ag-0.625-Pd-0.375,pp0
61,uoft4_240405_Ag-0.667-Pd-0.333_pp0_rep2,uoft,4,240405,Ag-0.667-Pd-0.333,pp0
62,uoft4_240405_Ag-0.75-Pd-0.25_pp0_rep2,uoft,4,240405,Ag-0.75-Pd-0.25,pp0
63,uoft4_240405_Ag-0.833-Cu-0.167_pp0_rep2,uoft,4,240405,Ag-0.833-Cu-0.167,pp0
64,uoft4_240405_Ag-0.833-Pd-0.167_pp0_rep2,uoft,4,240405,Ag-0.833-Pd-0.167,pp0
65,uoft4_240405_Ag-0.889-Cu-0.111_pp0_rep2,uoft,4,240405,Ag-0.889-Cu-0.111,pp0
66,uoft4_240405_Ag-0.889-Hg-0.111_pp0_rep2,uoft,4,240405,Ag-0.889-Hg-0.111,pp0
67,uoft4_240405_Ag-1.0_pp0_rep2,uoft,4,240405,Ag-1.0,pp0
68,uoft4_240405_Au-0.2-Cu-0.8_pp0_rep2,uoft,4,240405,Au-0.2-Cu-0.8,pp0
69,uoft4_240405_Au-0.25-Cu-0.75_pp0_rep2,uoft,4,240405,Au-0.25-Cu-0.75,pp0
70,uoft4_240405_Au-0.333-Tl-0.667_pp0_rep2,uoft,4,240405,Au-0.333-Tl-0.667,pp0
71,uoft4_240405_Au-0.429-Cu-0.571_pp0_rep2,uoft,4,240405,Au-0.429-Cu-0.571,pp0
72,uoft4_240405_Au-0.5-Cu-0.5_pp0_rep2,uoft,4,240405,Au-0.5-Cu-0.5,pp0
73,uoft4_240405_Au-0.5-Pd-0.5_pp0_rep2,uoft,4,240405,Au-0.5-Pd-0.5,pp0
74,uoft4_240405_Au-0.556-Cu-0.444_pp0_rep2,uoft,4,240405,Au-0.556-Cu-0.444,pp0
75,uoft4_240405_Au-0.6-Cu-0.4_pp0_rep2,uoft,4,240405,Au-0.6-Cu-0.4,pp0
76,uoft4_240405_Au-0.75-Cu-0.25_pp0_rep2,uoft,4,240405,Au-0.75-Cu-0.25,pp0
77,uoft4_240405_Au-0.8-Cu-0.2_pp0_rep2,uoft,4,240405,Au-0.8-Cu-0.2,pp0
78,uoft4_240405_Cu-0.111-Pd-0.889_pp0_rep2,uoft,4,240405,Cu-0.111-Pd-0.889,pp0
79,uoft4_240405_Cu-0.125-Pd-0.875_pp0_rep2,uoft,4,240405,Cu-0.125-Pd-0.875,pp0
80,uoft4_240405_Cu-0.167-Pd-0.833_pp0_rep2,uoft,4,240405,Cu-0.167-Pd-0.833,pp0
81,uoft4_240405_Cu-0.25-Pd-0.75_pp0_rep2,uoft,4,240405,Cu-0.25-Pd-0.75,pp0
82,uoft4_240405_Cu-0.333-Pd-0.667_pp0_rep2,uoft,4,240405,Cu-0.333-Pd-0.667,pp0
83,uoft4_240405_Cu-0.375-Pd-0.625_pp0_rep2,uoft,4,240405,Cu-0.375-Pd-0.625,pp0
84,uoft4_240405_Cu-0.444-Pd-0.556_pp0_rep2,uoft,4,240405,Cu-0.444-Pd-0.556,pp0
85,uoft4_240405_Cu-0.5-Pd-0.5_pp0_rep2,uoft,4,240405,Cu-0.5-Pd-0.5,pp0
86,uoft4_240405_Cu-0.556-Pd-0.444_pp0_rep2,uoft,4,240405,Cu-0.556-Pd-0.444,pp0
87,uoft4_240405_Cu-0.75-Pd-0.25_pp0_rep2,uoft,4,240405,Cu-0.75-Pd-0.25,pp0
88,uoft4_240405_Cu-0.8-Pd-0.2_pp0_rep2,uoft,4,240405,Cu-0.8-Pd-0.2,pp0
89,uoft4_240405_Cu-1.0_pp0_rep2,uoft,4,240405,Cu-1.0,pp0
90,uoft4_240405_Hg-0.5-Pd-0.5_pp0_rep2,uoft,4,240405,Hg-0.5-Pd-0.5,pp0
91,uoft4_240405_Pd-0.333-Tl-0.667_pp0_rep2,uoft,4,240405,Pd-0.333-Tl-0.667,pp0
92,uoft4_240405_Pd-0.591-Tl-0.409_pp0_rep2,uoft,4,240405,Pd-0.591-Tl-0.409,pp0
93,uoft4_240405_Pd-0.75-Tl-0.25_pp0_rep2,uoft,4,240405,Pd-0.75-Tl-0.25,pp0
94,uoft4_240405_Pd-1.0_pp0_rep2,uoft,4,240405,Pd-1.0,pp0
95,uoft4_240405_Rh-1.0_pp0_rep2,uoft,4,240405,Rh-1.0,pp0
96,uoft4_240405_Ag-0.125-Cu-0.125-Pd-0.75_pp0_rep3,uoft,4,240405,Ag-0.125-Cu-0.125-Pd-0.75,pp0
97,uoft4_240405_Ag-0.2-Pd-0.8_pp0_rep3,uoft,4,240405,Ag-0.2-Pd-0.8,pp0
98,uoft4_240405_Ag-0.222-Cu-0.333-Pd-0.444_pp0_rep3,uoft,4,240405,Ag-0.222-Cu-0.333-Pd-0.444,pp0
99,uoft4_240405_Ag-0.25-Au-0.25-Pd-0.5_pp0_rep3,uoft,4,240405,Ag-0.25-Au-0.25-Pd-0.5,pp0
100,uoft4_240405_Ag-0.333-Pd-0.667_pp0_rep3,uoft,4,240405,Ag-0.333-Pd-0.667,pp0
101,uoft4_240405_Ag-0.4-Pd-0.6_pp0_rep3,uoft,4,240405,Ag-0.4-Pd-0.6,pp0
102,uoft4_240405_Ag-0.429-Pd-0.571_pp0_rep3,uoft,4,240405,Ag-0.429-Pd-0.571,pp0
103,uoft4_240405_Ag-0.444-Pd-0.556_pp0_rep3,uoft,4,240405,Ag-0.444-Pd-0.556,pp0
104,uoft4_240405_Ag-0.5-Au-0.5_pp0_rep3,uoft,4,240405,Ag-0.5-Au-0.5,pp0
105,uoft4_240405_Ag-0.5-Cu-0.25-Pd-0.25_pp0_rep3,uoft,4,240405,Ag-0.5-Cu-0.25-Pd-0.25,pp0
106,uoft4_240405_Ag-0.5-Pd-0.5_pp0_rep3,uoft,4,240405,Ag-0.5-Pd-0.5,pp0
107,uoft4_240405_Ag-0.556-Pd-0.444_pp0_rep3,uoft,4,240405,Ag-0.556-Pd-0.444,pp0
108,uoft4_240405_Ag-0.625-Pd-0.375_pp0_rep3,uoft,4,240405,Ag-0.625-Pd-0.375,pp0
109,uoft4_240405_Ag-0.667-Pd-0.333_pp0_rep3,uoft,4,240405,Ag-0.667-Pd-0.333,pp0
110,uoft4_240405_Ag-0.75-Pd-0.25_pp0_rep3,uoft,4,240405,Ag-0.75-Pd-0.25,pp0
111,uoft4_240405_Ag-0.833-Cu-0.167_pp0_rep3,uoft,4,240405,Ag-0.833-Cu-0.167,pp0
112,uoft4_240405_Ag-0.833-Pd-0.167_pp0_rep3,uoft,4,240405,Ag-0.833-Pd-0.167,pp0
113,uoft4_240405_Ag-0.889-Cu-0.111_pp0_rep3,uoft,4,240405,Ag-0.889-Cu-0.111,pp0
114,uoft4_240405_Ag-0.889-Hg-0.111_pp0_rep3,uoft,4,240405,Ag-0.889-Hg-0.111,pp0
115,uoft4_240405_Ag-1.0_pp0_rep3,uoft,4,240405,Ag-1.0,pp0
116,uoft4_240405_Au-0.2-Cu-0.8_pp0_rep3,uoft,4,240405,Au-0.2-Cu-0.8,pp0
117,uoft4_240405_Au-0.25-Cu-0.75_pp0_rep3,uoft,4,240405,Au-0.25-Cu-0.75,pp0
118,uoft4_240405_Au-0.333-Tl-0.667_pp0_rep3,uoft,4,240405,Au-0.333-Tl-0.667,pp0
119,uoft4_240405_Au-0.429-Cu-0.571_pp0_rep3,uoft,4,240405,Au-0.429-Cu-0.571,pp0
120,uoft4_240405_Au-0.5-Cu-0.5_pp0_rep3,uoft,4,240405,Au-0.5-Cu-0.5,pp0
121,uoft4_240405_Au-0.5-Pd-0.5_pp0_rep3,uoft,4,240405,Au-0.5-Pd-0.5,pp0
122,uoft4_240405_Au-0.556-Cu-0.444_pp0_rep3,uoft,4,240405,Au-0.556-Cu-0.444,pp0
123,uoft4_240405_Au-0.6-Cu-0.4_pp0_rep3,uoft,4,240405,Au-0.6-Cu-0.4,pp0
124,uoft4_240405_Au-0.75-Cu-0.25_pp0_rep3,uoft,4,240405,Au-0.75-Cu-0.25,pp0
125,uoft4_240405_Au-0.8-Cu-0.2_pp0_rep3,uoft,4,240405,Au-0.8-Cu-0.2,pp0
126,uoft4_240405_Cu-0.111-Pd-0.889_pp0_rep3,uoft,4,240405,Cu-0.111-Pd-0.889,pp0
127,uoft4_240405_Cu-0.125-Pd-0.875_pp0_rep3,uoft,4,240405,Cu-0.125-Pd-0.875,pp0
128,uoft4_240405_Cu-0.167-Pd-0.833_pp0_rep3,uoft,4,240405,Cu-0.167-Pd-0.833,pp0
129,uoft4_240405_Cu-0.25-Pd-0.75_pp0_rep3,uoft,4,240405,Cu-0.25-Pd-0.75,pp0
130,uoft4_240405_Cu-0.333-Pd-0.667_pp0_rep3,uoft,4,240405,Cu-0.333-Pd-0.667,pp0
131,uoft4_240405_Cu-0.375-Pd-0.625_pp0_rep3,uoft,4,240405,Cu-0.375-Pd-0.625,pp0
132,uoft4_240405_Cu-0.444-Pd-0.556_pp0_rep3,uoft,4,240405,Cu-0.444-Pd-0.556,pp0
133,uoft4_240405_Cu-0.5-Pd-0.5_pp0_rep3,uoft,4,240405,Cu-0.5-Pd-0.5,pp0
134,uoft4_240405_Cu-0.556-Pd-0.444_pp0_rep3,uoft,4,240405,Cu-0.556-Pd-0.444,pp0
135,uoft4_240405_Cu-0.75-Pd-0.25_pp0_rep3,uoft,4,240405,Cu-0.75-Pd-0.25,pp0
136,uoft4_240405_Cu-0.8-Pd-0.2_pp0_rep3,uoft,4,240405,Cu-0.8-Pd-0.2,pp0
137,uoft4_240405_Cu-1.0_pp0_rep3,uoft,4,240405,Cu-1.0,pp0
138,uoft4_240405_Hg-0.5-Pd-0.5_pp0_rep3,uoft,4,240405,Hg-0.5-Pd-0.5,pp0
139,uoft4_240405_Pd-0.333-Tl-0.667_pp0_rep3,uoft,4,240405,Pd-0.333-Tl-0.667,pp0
140,uoft4_240405_Pd-0.591-Tl-0.409_pp0_rep3,uoft,4,240405,Pd-0.591-Tl-0.409,pp0
141,uoft4_240405_Pd-0.75-Tl-0.25_pp0_rep3,uoft,4,240405,Pd-0.75-Tl-0.25,pp0
142,uoft4_240405_Pd-1.0_pp0_rep3,uoft,4,240405,Pd-1.0,pp0
143,uoft4_240405_Rh-1.0_pp0_rep3,uoft,4,240405,Rh-1.0,pp0
144,uoft5_240507_Au-0.5-Cu-0.4-Hg-0.1_pp0_rep1,uoft,5,240507,Au-0.5-Cu-0.4-Hg-0.1,pp0
145,uoft5_240507_Ag-0.4-Au-0.4-Tl-0.2_pp0_rep1,uoft,5,240507,Ag-0.4-Au-0.4-Tl-0.2,pp0
146,uoft5_240507_Au-0.125-Pd-0.625-Tl-0.25_pp0_rep1,uoft,5,240507,Au-0.125-Pd-0.625-Tl-0.25,pp0
147,uoft5_240507_Au-0.5-Cd-0.25-Tl-0.25_pp0_rep1,uoft,5,240507,Au-0.5-Cd-0.25-Tl-0.25,pp0
148,uoft5_240507_Au-0.444-Cd-0.556_pp0_rep1,uoft,5,240507,Au-0.444-Cd-0.556,pp0
149,uoft5_240507_Au-0.75-Cd-0.125-Ga-0.125_pp0_rep1,uoft,5,240507,Au-0.75-Cd-0.125-Ga-0.125,pp0
150,uoft5_240507_Cd-0.5-Ga-0.25-In-0.25_pp0_rep1,uoft,5,240507,Cd-0.5-Ga-0.25-In-0.25,pp0
151,uoft5_240507_Cd-0.111-In-0.889_pp0_rep1,uoft,5,240507,Cd-0.111-In-0.889,pp0
152,uoft5_240507_Au-0.5-Cu-0.4-Hg-0.1_pp0_rep2,uoft,5,240507,Au-0.5-Cu-0.4-Hg-0.1,pp0
153,uoft5_240507_Ag-0.4-Au-0.4-Tl-0.2_pp0_rep2,uoft,5,240507,Ag-0.4-Au-0.4-Tl-0.2,pp0
154,uoft5_240507_Au-0.125-Pd-0.625-Tl-0.25_pp0_rep2,uoft,5,240507,Au-0.125-Pd-0.625-Tl-0.25,pp0
155,uoft5_240507_Au-0.5-Cd-0.25-Tl-0.25_pp0_rep2,uoft,5,240507,Au-0.5-Cd-0.25-Tl-0.25,pp0
156,uoft5_240507_Au-0.444-Cd-0.556_pp0_rep2,uoft,5,240507,Au-0.444-Cd-0.556,pp0
157,uoft5_240507_Au-0.75-Cd-0.125-Ga-0.125_pp0_rep2,uoft,5,240507,Au-0.75-Cd-0.125-Ga-0.125,pp0
158,uoft5_240507_Cd-0.5-Ga-0.25-In-0.25_pp0_rep2,uoft,5,240507,Cd-0.5-Ga-0.25-In-0.25,pp0
159,uoft5_240507_Cd-0.111-In-0.889_pp0_rep2,uoft,5,240507,Cd-0.111-In-0.889,pp0
160,uoft5_240507_Au-0.5-Cu-0.4-Hg-0.1_pp0_rep3,uoft,5,240507,Au-0.5-Cu-0.4-Hg-0.1,pp0
161,uoft5_240507_Ag-0.4-Au-0.4-Tl-0.2_pp0_rep3,uoft,5,240507,Ag-0.4-Au-0.4-Tl-0.2,pp0
162,uoft5_240507_Au-0.125-Pd-0.625-Tl-0.25_pp0_rep3,uoft,5,240507,Au-0.125-Pd-0.625-Tl-0.25,pp0
163,uoft5_240507_Au-0.5-Cd-0.25-Tl-0.25_pp0_rep3,uoft,5,240507,Au-0.5-Cd-0.25-Tl-0.25,pp0
164,uoft5_240507_Au-0.444-Cd-0.556_pp0_rep3,uoft,5,240507,Au-0.444-Cd-0.556,pp0
165,uoft5_240507_Au-0.75-Cd-0.125-Ga-0.125_pp0_rep3,uoft,5,240507,Au-0.75-Cd-0.125-Ga-0.125,pp0
166,uoft5_240507_Cd-0.5-Ga-0.25-In-0.25_pp0_rep3,uoft,5,240507,Cd-0.5-Ga-0.25-In-0.25,pp0
167,uoft5_240507_Cd-0.111-In-0.889_pp0_rep3,uoft,5,240507,Cd-0.111-In-0.889,pp0
168,uoft6_240624_Au-0.5-Cd-0.25-Tl-0.25_pp0_rep1,uoft,6,240624,Au-0.5-Cd-0.25-Tl-0.25,pp0
169,uoft6_240624_Au-0.444-Cd-0.556_pp0_rep1,uoft,6,240624,Au-0.444-Cd-0.556,pp0
170,uoft6_240624_Ag-0.714-Cd-0.286_pp0_rep1,uoft,6,240624,Ag-0.714-Cd-0.286,pp0
171,uoft6_240624_Ag-0.385-Cd-0.615_pp0_rep1,uoft,6,240624,Ag-0.385-Cd-0.615,pp0
172,uoft6_240624_Ag-0.571-Cd-0.429_pp0_rep1,uoft,6,240624,Ag-0.571-Cd-0.429,pp0
173,uoft6_240624_Au-0.833-Cd-0.167_pp0_rep1,uoft,6,240624,Au-0.833-Cd-0.167,pp0
174,uoft6_240624_Ag-0.417-Cd-0.583_pp0_rep1,uoft,6,240624,Ag-0.417-Cd-0.583,pp0
175,uoft6_240624_Au-0.167-Cd-0.833_pp0_rep1,uoft,6,240624,Au-0.167-Cd-0.833,pp0
176,uoft6_240624_Ag-0.455-Cd-0.545_pp0_rep1,uoft,6,240624,Ag-0.455-Cd-0.545,pp0
177,uoft6_240624_Au-0.7-Cd-0.3_pp0_rep1,uoft,6,240624,Au-0.7-Cd-0.3,pp0
178,uoft6_240624_Au-0.889-Cd-0.111_pp0_rep1,uoft,6,240624,Au-0.889-Cd-0.111,pp0
179,uoft6_240624_Au-0.8-Cd-0.2_pp0_rep1,uoft,6,240624,Au-0.8-Cd-0.2,pp0
180,uoft6_240624_Au-0.125-Cd-0.875_pp0_rep1,uoft,6,240624,Au-0.125-Cd-0.875,pp0
181,uoft6_240624_Cd-0.333-Sn-0.667_pp0_rep1,uoft,6,240624,Cd-0.333-Sn-0.667,pp0
182,uoft6_240624_Cd-0.125-Tl-0.875_pp0_rep1,uoft,6,240624,Cd-0.125-Tl-0.875,pp0
183,uoft6_240624_Ag-0.444-Au-0.444-Cd-0.111_pp0_rep1,uoft,6,240624,Ag-0.444-Au-0.444-Cd-0.111,pp0
184,uoft6_240624_Au-0.833-Cd-0.167_pp0_rep2,uoft,6,240624,Au-0.833-Cd-0.167,pp0
185,uoft6_240624_Au-0.333-Cd-0.333-Pd-0.333_pp0_rep1,uoft,6,240624,Au-0.333-Cd-0.333-Pd-0.333,pp0
186,uoft6_240624_Ag-0.417-Au-0.417-Cd-0.167_pp0_rep1,uoft,6,240624,Ag-0.417-Au-0.417-Cd-0.167,pp0
187,uoft6_240624_Cd-0.5-Cu-0.5_pp0_rep1,uoft,6,240624,Cd-0.5-Cu-0.5,pp0
188,uoft6_240624_Au-0.167-Cd-0.833_pp0_rep2,uoft,6,240624,Au-0.167-Cd-0.833,pp0
189,uoft6_240624_Ag-0.4-Au-0.2-Cd-0.4_pp0_rep1,uoft,6,240624,Ag-0.4-Au-0.2-Cd-0.4,pp0
190,uoft6_240624_Cd-0.833-Tl-0.167_pp0_rep1,uoft,6,240624,Cd-0.833-Tl-0.167,pp0
191,uoft6_240624_Au-0.7-Cd-0.3_pp0_rep2,uoft,6,240624,Au-0.7-Cd-0.3,pp0
192,uoft6_240624_Ag-0.222-Au-0.333-Cd-0.444_pp0_rep1,uoft,6,240624,Ag-0.222-Au-0.333-Cd-0.444,pp0
193,uoft6_240624_Cd-0.667-Tl-0.333_pp0_rep1,uoft,6,240624,Cd-0.667-Tl-0.333,pp0
194,uoft6_240624_Ag-0.125-Au-0.125-Cd-0.75_pp0_rep1,uoft,6,240624,Ag-0.125-Au-0.125-Cd-0.75,pp0
195,uoft6_240624_Au-0.25-Cd-0.25-Tl-0.5_pp0_rep1,uoft,6,240624,Au-0.25-Cd-0.25-Tl-0.5,pp0
196,uoft6_240624_Cd-1.0_pp0_rep1,uoft,6,240624,Cd-1.0,pp0
197,uoft6_240624_Ag-0.5-Au-0.25-Cd-0.25_pp0_rep1,uoft,6,240624,Ag-0.5-Au-0.25-Cd-0.25,pp0
198,uoft6_240624_Au-0.5-Cd-0.25-Tl-0.25_pp0_rep2,uoft,6,240624,Au-0.5-Cd-0.25-Tl-0.25,pp0
199,uoft6_240624_Au-0.444-Cd-0.556_pp0_rep2,uoft,6,240624,Au-0.444-Cd-0.556,pp0
200,uoft6_240624_Ag-0.714-Cd-0.286_pp0_rep2,uoft,6,240624,Ag-0.714-Cd-0.286,pp0
201,uoft6_240624_Ag-0.385-Cd-0.615_pp0_rep2,uoft,6,240624,Ag-0.385-Cd-0.615,pp0
202,uoft6_240624_Ag-0.571-Cd-0.429_pp0_rep2,uoft,6,240624,Ag-0.571-Cd-0.429,pp0
203,uoft6_240624_Ag-0.417-Cd-0.583_pp0_rep2,uoft,6,240624,Ag-0.417-Cd-0.583,pp0
204,uoft6_240624_Ag-0.455-Cd-0.545_pp0_rep2,uoft,6,240624,Ag-0.455-Cd-0.545,pp0
205,uoft6_240624_Au-0.889-Cd-0.111_pp0_rep2,uoft,6,240624,Au-0.889-Cd-0.111,pp0
206,uoft6_240624_Au-0.8-Cd-0.2_pp0_rep2,uoft,6,240624,Au-0.8-Cd-0.2,pp0
207,uoft6_240624_Au-0.125-Cd-0.875_pp0_rep2,uoft,6,240624,Au-0.125-Cd-0.875,pp0
208,uoft6_240624_Cd-0.333-Sn-0.667_pp0_rep2,uoft,6,240624,Cd-0.333-Sn-0.667,pp0
209,uoft6_240624_Cd-0.125-Tl-0.875_pp0_rep2,uoft,6,240624,Cd-0.125-Tl-0.875,pp0
210,uoft6_240624_Ag-0.444-Au-0.444-Cd-0.111_pp0_rep2,uoft,6,240624,Ag-0.444-Au-0.444-Cd-0.111,pp0
211,uoft6_240624_Au-0.333-Cd-0.333-Pd-0.333_pp0_rep2,uoft,6,240624,Au-0.333-Cd-0.333-Pd-0.333,pp0
212,uoft6_240624_Ag-0.417-Au-0.417-Cd-0.167_pp0_rep2,uoft,6,240624,Ag-0.417-Au-0.417-Cd-0.167,pp0
213,uoft6_240624_Cd-0.5-Cu-0.5_pp0_rep2,uoft,6,240624,Cd-0.5-Cu-0.5,pp0
214,uoft6_240624_Ag-0.4-Au-0.2-Cd-0.4_pp0_rep2,uoft,6,240624,Ag-0.4-Au-0.2-Cd-0.4,pp0
215,uoft6_240624_Cd-0.833-Tl-0.167_pp0_rep2,uoft,6,240624,Cd-0.833-Tl-0.167,pp0
216,uoft6_240624_Ag-0.222-Au-0.333-Cd-0.444_pp0_rep2,uoft,6,240624,Ag-0.222-Au-0.333-Cd-0.444,pp0
217,uoft6_240624_Cd-0.667-Tl-0.333_pp0_rep2,uoft,6,240624,Cd-0.667-Tl-0.333,pp0
218,uoft6_240624_Ag-0.125-Au-0.125-Cd-0.75_pp0_rep2,uoft,6,240624,Ag-0.125-Au-0.125-Cd-0.75,pp0
219,uoft6_240624_Au-0.25-Cd-0.25-Tl-0.5_pp0_rep2,uoft,6,240624,Au-0.25-Cd-0.25-Tl-0.5,pp0
220,uoft6_240624_Cd-1.0_pp0_rep2,uoft,6,240624,Cd-1.0,pp0
221,uoft6_240624_Ag-0.5-Au-0.25-Cd-0.25_pp0_rep2,uoft,6,240624,Ag-0.5-Au-0.25-Cd-0.25,pp0
222,uoft6_240624_Au-0.5-Cd-0.25-Tl-0.25_pp0_rep3,uoft,6,240624,Au-0.5-Cd-0.25-Tl-0.25,pp0
223,uoft6_240624_Au-0.444-Cd-0.556_pp0_rep3,uoft,6,240624,Au-0.444-Cd-0.556,pp0
224,uoft6_240624_Ag-0.714-Cd-0.286_pp0_rep3,uoft,6,240624,Ag-0.714-Cd-0.286,pp0
225,uoft6_240624_Ag-0.385-Cd-0.615_pp0_rep3,uoft,6,240624,Ag-0.385-Cd-0.615,pp0
226,uoft6_240624_Ag-0.571-Cd-0.429_pp0_rep3,uoft,6,240624,Ag-0.571-Cd-0.429,pp0
227,uoft6_240624_Ag-0.417-Cd-0.583_pp0_rep3,uoft,6,240624,Ag-0.417-Cd-0.583,pp0
228,uoft6_240624_Ag-0.455-Cd-0.545_pp0_rep3,uoft,6,240624,Ag-0.455-Cd-0.545,pp0
229,uoft6_240624_Au-0.889-Cd-0.111_pp0_rep3,uoft,6,240624,Au-0.889-Cd-0.111,pp0
230,uoft6_240624_Au-0.8-Cd-0.2_pp0_rep3,uoft,6,240624,Au-0.8-Cd-0.2,pp0
231,uoft6_240624_Au-0.125-Cd-0.875_pp0_rep3,uoft,6,240624,Au-0.125-Cd-0.875,pp0
232,uoft6_240624_Cd-0.333-Sn-0.667_pp0_rep3,uoft,6,240624,Cd-0.333-Sn-0.667,pp0
233,uoft6_240624_Cd-0.125-Tl-0.875_pp0_rep3,uoft,6,240624,Cd-0.125-Tl-0.875,pp0
234,uoft6_240624_Ag-0.444-Au-0.444-Cd-0.111_pp0_rep3,uoft,6,240624,Ag-0.444-Au-0.444-Cd-0.111,pp0
235,uoft6_240624_Au-0.333-Cd-0.333-Pd-0.333_pp0_rep3,uoft,6,240624,Au-0.333-Cd-0.333-Pd-0.333,pp0
236,uoft6_240624_Ag-0.417-Au-0.417-Cd-0.167_pp0_rep3,uoft,6,240624,Ag-0.417-Au-0.417-Cd-0.167,pp0
237,uoft6_240624_Cd-0.5-Cu-0.5_pp0_rep3,uoft,6,240624,Cd-0.5-Cu-0.5,pp0
238,uoft6_240624_Ag-0.4-Au-0.2-Cd-0.4_pp0_rep3,uoft,6,240624,Ag-0.4-Au-0.2-Cd-0.4,pp0
239,uoft6_240624_Cd-0.833-Tl-0.167_pp0_rep3,uoft,6,240624,Cd-0.833-Tl-0.167,pp0
240,uoft6_240624_Ag-0.222-Au-0.333-Cd-0.444_pp0_rep3,uoft,6,240624,Ag-0.222-Au-0.333-Cd-0.444,pp0
241,uoft6_240624_Cd-0.667-Tl-0.333_pp0_rep3,uoft,6,240624,Cd-0.667-Tl-0.333,pp0
242,uoft6_240624_Ag-0.125-Au-0.125-Cd-0.75_pp0_rep3,uoft,6,240624,Ag-0.125-Au-0.125-Cd-0.75,pp0
243,uoft6_240624_Au-0.25-Cd-0.25-Tl-0.5_pp0_rep3,uoft,6,240624,Au-0.25-Cd-0.25-Tl-0.5,pp0
244,uoft6_240624_Cd-1.0_pp0_rep3,uoft,6,240624,Cd-1.0,pp0
245,uoft6_240624_Ag-0.5-Au-0.25-Cd-0.25_pp0_rep3,uoft,6,240624,Ag-0.5-Au-0.25-Cd-0.25,pp0
246,uoft7_240716_Au-0.556-Pd-0.444_pp0_rep1,uoft,7,240716,Au-0.556-Pd-0.444,pp0
247,uoft7_240716_Au-0.167-Pd-0.833_pp0_rep1,uoft,7,240716,Au-0.167-Pd-0.833,pp0
248,uoft7_240716_Ag-0.333-Au-0.333-Cu-0.333_pp0_rep1,uoft,7,240716,Ag-0.333-Au-0.333-Cu-0.333,pp0
249,uoft7_240716_Ag-0.333-Cu-0.667_pp0_rep1,uoft,7,240716,Ag-0.333-Cu-0.667,pp0
250,uoft7_240716_Ag-0.5-Au-0.125-Pd-0.375_pp0_rep1,uoft,7,240716,Ag-0.5-Au-0.125-Pd-0.375,pp0
251,uoft7_240716_Au-0.125-Cu-0.25-Pd-0.625_pp0_rep1,uoft,7,240716,Au-0.125-Cu-0.25-Pd-0.625,pp0
252,uoft7_240716_Ag-0.25-Au-0.375-Pd-0.375_pp0_rep1,uoft,7,240716,Ag-0.25-Au-0.375-Pd-0.375,pp0
253,uoft7_240716_Au-0.167-Cu-0.5-Pd-0.333_pp0_rep1,uoft,7,240716,Au-0.167-Cu-0.5-Pd-0.333,pp0
254,uoft7_240716_Ag-0.375-Au-0.375-Pd-0.25_pp0_rep1,uoft,7,240716,Ag-0.375-Au-0.375-Pd-0.25,pp0
255,uoft7_240716_Au-0.222-Cu-0.222-Pd-0.556_pp0_rep1,uoft,7,240716,Au-0.222-Cu-0.222-Pd-0.556,pp0
256,uoft7_240716_Cu-0.667-Rh-0.333_pp0_rep1,uoft,7,240716,Cu-0.667-Rh-0.333,pp0
257,uoft7_240716_Ag-0.5-Au-0.375-Pd-0.125_pp0_rep1,uoft,7,240716,Ag-0.5-Au-0.375-Pd-0.125,pp0
258,uoft7_240716_Ag-0.167-Au-0.167-Cu-0.667_pp0_rep1,uoft,7,240716,Ag-0.167-Au-0.167-Cu-0.667,pp0
259,uoft7_240716_Cu-0.75-Rh-0.25_pp0_rep1,uoft,7,240716,Cu-0.75-Rh-0.25,pp0
260,uoft7_240716_Au-0.3-Cu-0.7_pp0_rep1,uoft,7,240716,Au-0.3-Cu-0.7,pp0
261,uoft7_240716_Au-0.571-Pd-0.429_pp0_rep1,uoft,7,240716,Au-0.571-Pd-0.429,pp0
262,uoft7_240716_Ag-0.25-Cu-0.5-Pd-0.25_pp0_rep1,uoft,7,240716,Ag-0.25-Cu-0.5-Pd-0.25,pp0
263,uoft7_240716_Ag-0.111-Cu-0.444-Pd-0.444_pp0_rep1,uoft,7,240716,Ag-0.111-Cu-0.444-Pd-0.444,pp0
264,uoft7_240716_Ag-0.125-Au-0.875_pp0_rep1,uoft,7,240716,Ag-0.125-Au-0.875,pp0
265,uoft7_240716_Rh-0.833-Ru-0.167_pp0_rep1,uoft,7,240716,Rh-0.833-Ru-0.167,pp0
266,uoft7_240716_Au-0.125-Pd-0.875_pp0_rep1,uoft,7,240716,Au-0.125-Pd-0.875,pp0
267,uoft7_240716_Cu-0.833-Rh-0.167_pp0_rep1,uoft,7,240716,Cu-0.833-Rh-0.167,pp0
268,uoft7_240716_Cu-0.833-Pd-0.167_pp0_rep1,uoft,7,240716,Cu-0.833-Pd-0.167,pp0
269,uoft7_240716_Au-0.167-Cu-0.333-Pd-0.5_pp0_rep1,uoft,7,240716,Au-0.167-Cu-0.333-Pd-0.5,pp0
270,uoft7_240716_Au-0.667-Pd-0.333_pp0_rep1,uoft,7,240716,Au-0.667-Pd-0.333,pp0
271,uoft7_240716_Cu-0.875-Pd-0.125_pp0_rep1,uoft,7,240716,Cu-0.875-Pd-0.125,pp0
272,uoft7_240716_Pd-0.833-Rh-0.167_pp0_rep1,uoft,7,240716,Pd-0.833-Rh-0.167,pp0
273,uoft7_240716_Ag-0.167-Au-0.167-Pd-0.667_pp0_rep1,uoft,7,240716,Ag-0.167-Au-0.167-Pd-0.667,pp0
274,uoft7_240716_Ag-0.429-Au-0.143-Pd-0.429_pp0_rep1,uoft,7,240716,Ag-0.429-Au-0.143-Pd-0.429,pp0
275,uoft7_240716_Ag-0.1-Au-0.5-Pd-0.4_pp0_rep1,uoft,7,240716,Ag-0.1-Au-0.5-Pd-0.4,pp0
276,uoft7_240716_Au-0.556-Pd-0.444_pp0_rep2,uoft,7,240716,Au-0.556-Pd-0.444,pp0
277,uoft7_240716_Au-0.167-Pd-0.833_pp0_rep2,uoft,7,240716,Au-0.167-Pd-0.833,pp0
278,uoft7_240716_Ag-0.333-Au-0.333-Cu-0.333_pp0_rep2,uoft,7,240716,Ag-0.333-Au-0.333-Cu-0.333,pp0
279,uoft7_240716_Ag-0.333-Cu-0.667_pp0_rep2,uoft,7,240716,Ag-0.333-Cu-0.667,pp0
280,uoft7_240716_Ag-0.5-Au-0.125-Pd-0.375_pp0_rep2,uoft,7,240716,Ag-0.5-Au-0.125-Pd-0.375,pp0
281,uoft7_240716_Au-0.125-Cu-0.25-Pd-0.625_pp0_rep2,uoft,7,240716,Au-0.125-Cu-0.25-Pd-0.625,pp0
282,uoft7_240716_Ag-0.25-Au-0.375-Pd-0.375_pp0_rep2,uoft,7,240716,Ag-0.25-Au-0.375-Pd-0.375,pp0
283,uoft7_240716_Au-0.167-Cu-0.5-Pd-0.333_pp0_rep2,uoft,7,240716,Au-0.167-Cu-0.5-Pd-0.333,pp0
284,uoft7_240716_Ag-0.375-Au-0.375-Pd-0.25_pp0_rep2,uoft,7,240716,Ag-0.375-Au-0.375-Pd-0.25,pp0
285,uoft7_240716_Au-0.222-Cu-0.222-Pd-0.556_pp0_rep2,uoft,7,240716,Au-0.222-Cu-0.222-Pd-0.556,pp0
286,uoft7_240716_Cu-0.667-Rh-0.333_pp0_rep2,uoft,7,240716,Cu-0.667-Rh-0.333,pp0
287,uoft7_240716_Ag-0.5-Au-0.375-Pd-0.125_pp0_rep2,uoft,7,240716,Ag-0.5-Au-0.375-Pd-0.125,pp0
288,uoft7_240716_Ag-0.167-Au-0.167-Cu-0.667_pp0_rep2,uoft,7,240716,Ag-0.167-Au-0.167-Cu-0.667,pp0
289,uoft7_240716_Cu-0.75-Rh-0.25_pp0_rep2,uoft,7,240716,Cu-0.75-Rh-0.25,pp0
290,uoft7_240716_Au-0.3-Cu-0.7_pp0_rep2,uoft,7,240716,Au-0.3-Cu-0.7,pp0
291,uoft7_240716_Au-0.571-Pd-0.429_pp0_rep2,uoft,7,240716,Au-0.571-Pd-0.429,pp0
292,uoft7_240716_Ag-0.25-Cu-0.5-Pd-0.25_pp0_rep2,uoft,7,240716,Ag-0.25-Cu-0.5-Pd-0.25,pp0
293,uoft7_240716_Ag-0.111-Cu-0.444-Pd-0.444_pp0_rep2,uoft,7,240716,Ag-0.111-Cu-0.444-Pd-0.444,pp0
294,uoft7_240716_Ag-0.125-Au-0.875_pp0_rep2,uoft,7,240716,Ag-0.125-Au-0.875,pp0
295,uoft7_240716_Rh-0.833-Ru-0.167_pp0_rep2,uoft,7,240716,Rh-0.833-Ru-0.167,pp0
296,uoft7_240716_Au-0.125-Pd-0.875_pp0_rep2,uoft,7,240716,Au-0.125-Pd-0.875,pp0
297,uoft7_240716_Cu-0.833-Rh-0.167_pp0_rep2,uoft,7,240716,Cu-0.833-Rh-0.167,pp0
298,uoft7_240716_Cu-0.833-Pd-0.167_pp0_rep2,uoft,7,240716,Cu-0.833-Pd-0.167,pp0
299,uoft7_240716_Au-0.167-Cu-0.333-Pd-0.5_pp0_rep2,uoft,7,240716,Au-0.167-Cu-0.333-Pd-0.5,pp0
300,uoft7_240716_Au-0.667-Pd-0.333_pp0_rep2,uoft,7,240716,Au-0.667-Pd-0.333,pp0
301,uoft7_240716_Cu-0.875-Pd-0.125_pp0_rep2,uoft,7,240716,Cu-0.875-Pd-0.125,pp0
302,uoft7_240716_Pd-0.833-Rh-0.167_pp0_rep2,uoft,7,240716,Pd-0.833-Rh-0.167,pp0
303,uoft7_240716_Ag-0.167-Au-0.167-Pd-0.667_pp0_rep2,uoft,7,240716,Ag-0.167-Au-0.167-Pd-0.667,pp0
304,uoft7_240716_Ag-0.429-Au-0.143-Pd-0.429_pp0_rep2,uoft,7,240716,Ag-0.429-Au-0.143-Pd-0.429,pp0
305,uoft7_240716_Ag-0.1-Au-0.5-Pd-0.4_pp0_rep2,uoft,7,240716,Ag-0.1-Au-0.5-Pd-0.4,pp0
306,uoft7_240716_Au-0.556-Pd-0.444_pp0_rep3,uoft,7,240716,Au-0.556-Pd-0.444,pp0
307,uoft7_240716_Au-0.167-Pd-0.833_pp0_rep3,uoft,7,240716,Au-0.167-Pd-0.833,pp0
308,uoft7_240716_Ag-0.333-Au-0.333-Cu-0.333_pp0_rep3,uoft,7,240716,Ag-0.333-Au-0.333-Cu-0.333,pp0
309,uoft7_240716_Ag-0.333-Cu-0.667_pp0_rep3,uoft,7,240716,Ag-0.333-Cu-0.667,pp0
310,uoft7_240716_Ag-0.5-Au-0.125-Pd-0.375_pp0_rep3,uoft,7,240716,Ag-0.5-Au-0.125-Pd-0.375,pp0
311,uoft7_240716_Au-0.125-Cu-0.25-Pd-0.625_pp0_rep3,uoft,7,240716,Au-0.125-Cu-0.25-Pd-0.625,pp0
312,uoft7_240716_Ag-0.25-Au-0.375-Pd-0.375_pp0_rep3,uoft,7,240716,Ag-0.25-Au-0.375-Pd-0.375,pp0
313,uoft7_240716_Au-0.167-Cu-0.5-Pd-0.333_pp0_rep3,uoft,7,240716,Au-0.167-Cu-0.5-Pd-0.333,pp0
314,uoft7_240716_Ag-0.375-Au-0.375-Pd-0.25_pp0_rep3,uoft,7,240716,Ag-0.375-Au-0.375-Pd-0.25,pp0
315,uoft7_240716_Au-0.222-Cu-0.222-Pd-0.556_pp0_rep3,uoft,7,240716,Au-0.222-Cu-0.222-Pd-0.556,pp0
316,uoft7_240716_Cu-0.667-Rh-0.333_pp0_rep3,uoft,7,240716,Cu-0.667-Rh-0.333,pp0
317,uoft7_240716_Ag-0.5-Au-0.375-Pd-0.125_pp0_rep3,uoft,7,240716,Ag-0.5-Au-0.375-Pd-0.125,pp0
318,uoft7_240716_Ag-0.167-Au-0.167-Cu-0.667_pp0_rep3,uoft,7,240716,Ag-0.167-Au-0.167-Cu-0.667,pp0
319,uoft7_240716_Cu-0.75-Rh-0.25_pp0_rep3,uoft,7,240716,Cu-0.75-Rh-0.25,pp0
320,uoft7_240716_Au-0.3-Cu-0.7_pp0_rep3,uoft,7,240716,Au-0.3-Cu-0.7,pp0
321,uoft7_240716_Au-0.571-Pd-0.429_pp0_rep3,uoft,7,240716,Au-0.571-Pd-0.429,pp0
322,uoft7_240716_Ag-0.25-Cu-0.5-Pd-0.25_pp0_rep3,uoft,7,240716,Ag-0.25-Cu-0.5-Pd-0.25,pp0
323,uoft7_240716_Ag-0.111-Cu-0.444-Pd-0.444_pp0_rep3,uoft,7,240716,Ag-0.111-Cu-0.444-Pd-0.444,pp0
324,uoft7_240716_Ag-0.125-Au-0.875_pp0_rep3,uoft,7,240716,Ag-0.125-Au-0.875,pp0
325,uoft7_240716_Rh-0.833-Ru-0.167_pp0_rep3,uoft,7,240716,Rh-0.833-Ru-0.167,pp0
326,uoft7_240716_Au-0.125-Pd-0.875_pp0_rep3,uoft,7,240716,Au-0.125-Pd-0.875,pp0
327,uoft7_240716_Cu-0.833-Rh-0.167_pp0_rep3,uoft,7,240716,Cu-0.833-Rh-0.167,pp0
328,uoft7_240716_Cu-0.833-Pd-0.167_pp0_rep3,uoft,7,240716,Cu-0.833-Pd-0.167,pp0
329,uoft7_240716_Au-0.167-Cu-0.333-Pd-0.5_pp0_rep3,uoft,7,240716,Au-0.167-Cu-0.333-Pd-0.5,pp0
330,uoft7_240716_Au-0.667-Pd-0.333_pp0_rep3,uoft,7,240716,Au-0.667-Pd-0.333,pp0
331,uoft7_240716_Cu-0.875-Pd-0.125_pp0_rep3,uoft,7,240716,Cu-0.875-Pd-0.125,pp0
332,uoft7_240716_Pd-0.833-Rh-0.167_pp0_rep3,uoft,7,240716,Pd-0.833-Rh-0.167,pp0
333,uoft7_240716_Ag-0.167-Au-0.167-Pd-0.667_pp0_rep3,uoft,7,240716,Ag-0.167-Au-0.167-Pd-0.667,pp0
334,uoft7_240716_Ag-0.429-Au-0.143-Pd-0.429_pp0_rep3,uoft,7,240716,Ag-0.429-Au-0.143-Pd-0.429,pp0
335,uoft7_240716_Ag-0.1-Au-0.5-Pd-0.4_pp0_rep3,uoft,7,240716,Ag-0.1-Au-0.5-Pd-0.4,pp0
336,uoft8_241025_Au-0.5-Cd-0.25-Pd-0.25_pp0_rep1,uoft,8,241025,Au-0.5-Cd-0.25-Pd-0.25,pp0
337,uoft8_241025_Cd-0.667-Pd-0.333_pp0_rep1,uoft,8,241025,Cd-0.667-Pd-0.333,pp0
338,uoft8_241025_Au-0.25-Cd-0.5-Pd-0.25_pp0_rep1,uoft,8,241025,Au-0.25-Cd-0.5-Pd-0.25,pp0
339,uoft8_241025_Au-0.308-Cd-0.692_pp0_rep1,uoft,8,241025,Au-0.308-Cd-0.692,pp0
340,uoft8_241025_Au-0.294-Cd-0.706_pp0_rep1,uoft,8,241025,Au-0.294-Cd-0.706,pp0
341,uoft8_241025_Au-0.333-Cd-0.667_pp0_rep1,uoft,8,241025,Au-0.333-Cd-0.667,pp0
342,uoft8_241025_Au-0.375-Cd-0.625_pp0_rep1,uoft,8,241025,Au-0.375-Cd-0.625,pp0
343,uoft8_241025_Ag-0.333-Cd-0.667_pp0_rep1,uoft,8,241025,Ag-0.333-Cd-0.667,pp0
344,uoft8_241025_Au-0.5-Cd-0.5_pp0_rep1,uoft,8,241025,Au-0.5-Cd-0.5,pp0
345,uoft8_241025_Ag-0.5-Cd-0.5_pp0_rep1,uoft,8,241025,Ag-0.5-Cd-0.5,pp0
346,uoft8_241025_Ag-0.25-Cd-0.5-Pd-0.25_pp0_rep1,uoft,8,241025,Ag-0.25-Cd-0.5-Pd-0.25,pp0
347,uoft8_241025_Ag-0.75-Cd-0.25_pp0_rep1,uoft,8,241025,Ag-0.75-Cd-0.25,pp0
348,uoft8_241025_Ag-0.25-Cd-0.75_pp0_rep1,uoft,8,241025,Ag-0.25-Cd-0.75,pp0
349,uoft8_241025_Ag-0.25-Au-0.5-Cd-0.25_pp0_rep1,uoft,8,241025,Ag-0.25-Au-0.5-Cd-0.25,pp0
350,uoft8_241025_Ag-0.25-Au-0.25-Cd-0.5_pp0_rep1,uoft,8,241025,Ag-0.25-Au-0.25-Cd-0.5,pp0
351,uoft8_241025_Au-0.25-Cd-0.75_pp0_rep1,uoft,8,241025,Au-0.25-Cd-0.75,pp0
352,uoft8_241025_Au-0.4-Cd-0.6_pp0_rep1,uoft,8,241025,Au-0.4-Cd-0.6,pp0
353,uoft8_241025_Au-0.625-Cd-0.375_pp0_rep1,uoft,8,241025,Au-0.625-Cd-0.375,pp0
354,uoft8_241025_Cd-0.765-Pd-0.235_pp0_rep1,uoft,8,241025,Cd-0.765-Pd-0.235,pp0
355,uoft8_241025_Au-0.5-Cd-0.25-Cu-0.25_pp0_rep1,uoft,8,241025,Au-0.5-Cd-0.25-Cu-0.25,pp0
356,uoft8_241025_Ag-0.6-Cd-0.4_pp0_rep1,uoft,8,241025,Ag-0.6-Cd-0.4,pp0
357,uoft8_241025_Cd-0.875-Ni-0.125_pp0_rep1,uoft,8,241025,Cd-0.875-Ni-0.125,pp0
358,uoft8_241025_Ag-0.2-Cd-0.8_pp0_rep1,uoft,8,241025,Ag-0.2-Cd-0.8,pp0
359,uoft8_241025_Au-0.333-Pd-0.667_pp0_rep1,uoft,8,241025,Au-0.333-Pd-0.667,pp0
360,uoft8_241025_Au-0.385-Cd-0.615_pp0_rep1,uoft,8,241025,Au-0.385-Cd-0.615,pp0
361,uoft8_241025_Cd-0.25-Hg-0.25-Pd-0.5_pp0_rep1,uoft,8,241025,Cd-0.25-Hg-0.25-Pd-0.5,pp0
362,uoft8_241025_Cd-0.5-Pd-0.5_pp0_rep1,uoft,8,241025,Cd-0.5-Pd-0.5,pp0
363,uoft8_241025_Ag-0.5-Cd-0.25-Pd-0.25_pp0_rep1,uoft,8,241025,Ag-0.5-Cd-0.25-Pd-0.25,pp0
364,uoft8_241025_Au-0.75-Cd-0.25_pp0_rep1,uoft,8,241025,Au-0.75-Cd-0.25,pp0
365,uoft8_241025_Cd-0.75-Pd-0.25_pp0_rep1,uoft,8,241025,Cd-0.75-Pd-0.25,pp0
366,uoft8_241025_Au-0.5-Cd-0.25-Pd-0.25_pp0_rep2,uoft,8,241025,Au-0.5-Cd-0.25-Pd-0.25,pp0
367,uoft8_241025_Cd-0.667-Pd-0.333_pp0_rep2,uoft,8,241025,Cd-0.667-Pd-0.333,pp0
368,uoft8_241025_Au-0.25-Cd-0.5-Pd-0.25_pp0_rep2,uoft,8,241025,Au-0.25-Cd-0.5-Pd-0.25,pp0
369,uoft8_241025_Au-0.308-Cd-0.692_pp0_rep2,uoft,8,241025,Au-0.308-Cd-0.692,pp0
370,uoft8_241025_Au-0.294-Cd-0.706_pp0_rep2,uoft,8,241025,Au-0.294-Cd-0.706,pp0
371,uoft8_241025_Au-0.333-Cd-0.667_pp0_rep2,uoft,8,241025,Au-0.333-Cd-0.667,pp0
372,uoft8_241025_Au-0.375-Cd-0.625_pp0_rep2,uoft,8,241025,Au-0.375-Cd-0.625,pp0
373,uoft8_241025_Ag-0.333-Cd-0.667_pp0_rep2,uoft,8,241025,Ag-0.333-Cd-0.667,pp0
374,uoft8_241025_Au-0.5-Cd-0.5_pp0_rep2,uoft,8,241025,Au-0.5-Cd-0.5,pp0
375,uoft8_241025_Ag-0.5-Cd-0.5_pp0_rep2,uoft,8,241025,Ag-0.5-Cd-0.5,pp0
376,uoft8_241025_Ag-0.25-Cd-0.5-Pd-0.25_pp0_rep2,uoft,8,241025,Ag-0.25-Cd-0.5-Pd-0.25,pp0
377,uoft8_241025_Ag-0.75-Cd-0.25_pp0_rep2,uoft,8,241025,Ag-0.75-Cd-0.25,pp0
378,uoft8_241025_Ag-0.25-Cd-0.75_pp0_rep2,uoft,8,241025,Ag-0.25-Cd-0.75,pp0
379,uoft8_241025_Ag-0.25-Au-0.5-Cd-0.25_pp0_rep2,uoft,8,241025,Ag-0.25-Au-0.5-Cd-0.25,pp0
380,uoft8_241025_Ag-0.25-Au-0.25-Cd-0.5_pp0_rep2,uoft,8,241025,Ag-0.25-Au-0.25-Cd-0.5,pp0
381,uoft8_241025_Au-0.25-Cd-0.75_pp0_rep2,uoft,8,241025,Au-0.25-Cd-0.75,pp0
382,uoft8_241025_Au-0.4-Cd-0.6_pp0_rep2,uoft,8,241025,Au-0.4-Cd-0.6,pp0
383,uoft8_241025_Au-0.625-Cd-0.375_pp0_rep2,uoft,8,241025,Au-0.625-Cd-0.375,pp0
384,uoft8_241025_Cd-0.765-Pd-0.235_pp0_rep2,uoft,8,241025,Cd-0.765-Pd-0.235,pp0
385,uoft8_241025_Au-0.5-Cd-0.25-Cu-0.25_pp0_rep2,uoft,8,241025,Au-0.5-Cd-0.25-Cu-0.25,pp0
386,uoft8_241025_Ag-0.6-Cd-0.4_pp0_rep2,uoft,8,241025,Ag-0.6-Cd-0.4,pp0
387,uoft8_241025_Cd-0.875-Ni-0.125_pp0_rep2,uoft,8,241025,Cd-0.875-Ni-0.125,pp0
388,uoft8_241025_Ag-0.2-Cd-0.8_pp0_rep2,uoft,8,241025,Ag-0.2-Cd-0.8,pp0
389,uoft8_241025_Au-0.333-Pd-0.667_pp0_rep2,uoft,8,241025,Au-0.333-Pd-0.667,pp0
390,uoft8_241025_Au-0.385-Cd-0.615_pp0_rep2,uoft,8,241025,Au-0.385-Cd-0.615,pp0
391,uoft8_241025_Cd-0.25-Hg-0.25-Pd-0.5_pp0_rep2,uoft,8,241025,Cd-0.25-Hg-0.25-Pd-0.5,pp0
392,uoft8_241025_Cd-0.5-Pd-0.5_pp0_rep2,uoft,8,241025,Cd-0.5-Pd-0.5,pp0
393,uoft8_241025_Ag-0.5-Cd-0.25-Pd-0.25_pp0_rep2,uoft,8,241025,Ag-0.5-Cd-0.25-Pd-0.25,pp0
394,uoft8_241025_Au-0.75-Cd-0.25_pp0_rep2,uoft,8,241025,Au-0.75-Cd-0.25,pp0
395,uoft8_241025_Cd-0.75-Pd-0.25_pp0_rep2,uoft,8,241025,Cd-0.75-Pd-0.25,pp0
396,uoft8_241025_Au-0.5-Cd-0.25-Pd-0.25_pp0_rep3,uoft,8,241025,Au-0.5-Cd-0.25-Pd-0.25,pp0
397,uoft8_241025_Cd-0.667-Pd-0.333_pp0_rep3,uoft,8,241025,Cd-0.667-Pd-0.333,pp0
398,uoft8_241025_Au-0.25-Cd-0.5-Pd-0.25_pp0_rep3,uoft,8,241025,Au-0.25-Cd-0.5-Pd-0.25,pp0
399,uoft8_241025_Au-0.308-Cd-0.692_pp0_rep3,uoft,8,241025,Au-0.308-Cd-0.692,pp0
400,uoft8_241025_Au-0.294-Cd-0.706_pp0_rep3,uoft,8,241025,Au-0.294-Cd-0.706,pp0
401,uoft8_241025_Au-0.333-Cd-0.667_pp0_rep3,uoft,8,241025,Au-0.333-Cd-0.667,pp0
402,uoft8_241025_Au-0.375-Cd-0.625_pp0_rep3,uoft,8,241025,Au-0.375-Cd-0.625,pp0
403,uoft8_241025_Ag-0.333-Cd-0.667_pp0_rep3,uoft,8,241025,Ag-0.333-Cd-0.667,pp0
404,uoft8_241025_Au-0.5-Cd-0.5_pp0_rep3,uoft,8,241025,Au-0.5-Cd-0.5,pp0
405,uoft8_241025_Ag-0.5-Cd-0.5_pp0_rep3,uoft,8,241025,Ag-0.5-Cd-0.5,pp0
406,uoft8_241025_Ag-0.25-Cd-0.5-Pd-0.25_pp0_rep3,uoft,8,241025,Ag-0.25-Cd-0.5-Pd-0.25,pp0
407,uoft8_241025_Ag-0.75-Cd-0.25_pp0_rep3,uoft,8,241025,Ag-0.75-Cd-0.25,pp0
408,uoft8_241025_Ag-0.25-Cd-0.75_pp0_rep3,uoft,8,241025,Ag-0.25-Cd-0.75,pp0
409,uoft8_241025_Ag-0.25-Au-0.5-Cd-0.25_pp0_rep3,uoft,8,241025,Ag-0.25-Au-0.5-Cd-0.25,pp0
410,uoft8_241025_Ag-0.25-Au-0.25-Cd-0.5_pp0_rep3,uoft,8,241025,Ag-0.25-Au-0.25-Cd-0.5,pp0
411,uoft8_241025_Au-0.25-Cd-0.75_pp0_rep3,uoft,8,241025,Au-0.25-Cd-0.75,pp0
412,uoft8_241025_Au-0.4-Cd-0.6_pp0_rep3,uoft,8,241025,Au-0.4-Cd-0.6,pp0
413,uoft8_241025_Au-0.625-Cd-0.375_pp0_rep3,uoft,8,241025,Au-0.625-Cd-0.375,pp0
414,uoft8_241025_Cd-0.765-Pd-0.235_pp0_rep3,uoft,8,241025,Cd-0.765-Pd-0.235,pp0
415,uoft8_241025_Au-0.5-Cd-0.25-Cu-0.25_pp0_rep3,uoft,8,241025,Au-0.5-Cd-0.25-Cu-0.25,pp0
416,uoft8_241025_Ag-0.6-Cd-0.4_pp0_rep3,uoft,8,241025,Ag-0.6-Cd-0.4,pp0
417,uoft8_241025_Cd-0.875-Ni-0.125_pp0_rep3,uoft,8,241025,Cd-0.875-Ni-0.125,pp0
418,uoft8_241025_Ag-0.2-Cd-0.8_pp0_rep3,uoft,8,241025,Ag-0.2-Cd-0.8,pp0
419,uoft8_241025_Au-0.333-Pd-0.667_pp0_rep3,uoft,8,241025,Au-0.333-Pd-0.667,pp0
420,uoft8_241025_Au-0.385-Cd-0.615_pp0_rep3,uoft,8,241025,Au-0.385-Cd-0.615,pp0
421,uoft8_241025_Cd-0.25-Hg-0.25-Pd-0.5_pp0_rep3,uoft,8,241025,Cd-0.25-Hg-0.25-Pd-0.5,pp0
422,uoft8_241025_Cd-0.5-Pd-0.5_pp0_rep3,uoft,8,241025,Cd-0.5-Pd-0.5,pp0
423,uoft8_241025_Ag-0.5-Cd-0.25-Pd-0.25_pp0_rep3,uoft,8,241025,Ag-0.5-Cd-0.25-Pd-0.25,pp0
424,uoft8_241025_Au-0.75-Cd-0.25_pp0_rep3,uoft,8,241025,Au-0.75-Cd-0.25,pp0
425,uoft8_241025_Cd-0.75-Pd-0.25_pp0_rep3,uoft,8,241025,Cd-0.75-Pd-0.25,pp0
426,uoft9_241025_Cu-0.667-Pd-0.333_pp0_rep1,uoft,9,241025,Cu-0.667-Pd-0.333,pp0
427,uoft9_241025_Hg-0.2-Pd-0.8_pp0_rep1,uoft,9,241025,Hg-0.2-Pd-0.8,pp0
428,uoft9_241025_Hg-0.333-Pd-0.667_pp0_rep1,uoft,9,241025,Hg-0.333-Pd-0.667,pp0
429,uoft9_241025_Au-0.25-Cu-0.25-Pd-0.5_pp0_rep1,uoft,9,241025,Au-0.25-Cu-0.25-Pd-0.5,pp0
430,uoft9_241025_Ag-0.25-Cu-0.25-Pd-0.5_pp0_rep1,uoft,9,241025,Ag-0.25-Cu-0.25-Pd-0.5,pp0
431,uoft9_241025_Au-0.375-Pd-0.625_pp0_rep1,uoft,9,241025,Au-0.375-Pd-0.625,pp0
432,uoft9_241025_Au-0.625-Pd-0.375_pp0_rep1,uoft,9,241025,Au-0.625-Pd-0.375,pp0
433,uoft9_241025_Au-0.75-Pd-0.25_pp0_rep1,uoft,9,241025,Au-0.75-Pd-0.25,pp0
434,uoft9_241025_Au-0.25-Hg-0.25-Pd-0.5_pp0_rep1,uoft,9,241025,Au-0.25-Hg-0.25-Pd-0.5,pp0
435,uoft9_241025_Ag-0.25-Hg-0.25-Pd-0.5_pp0_rep1,uoft,9,241025,Ag-0.25-Hg-0.25-Pd-0.5,pp0
436,uoft9_241025_Hg-0.25-Pd-0.75_pp0_rep1,uoft,9,241025,Hg-0.25-Pd-0.75,pp0
437,uoft9_241025_Ag-0.167-Au-0.833_pp0_rep1,uoft,9,241025,Ag-0.167-Au-0.833,pp0
438,uoft9_241025_Au-0.4-Cu-0.6_pp0_rep1,uoft,9,241025,Au-0.4-Cu-0.6,pp0
439,uoft9_241025_Ag-0.25-Au-0.75_pp0_rep1,uoft,9,241025,Ag-0.25-Au-0.75,pp0
440,uoft9_241025_Ag-0.833-Au-0.167_pp0_rep1,uoft,9,241025,Ag-0.833-Au-0.167,pp0
441,uoft9_241025_Ag-0.7-Au-0.3_pp0_rep1,uoft,9,241025,Ag-0.7-Au-0.3,pp0
442,uoft9_241025_Ag-0.615-Au-0.385_pp0_rep1,uoft,9,241025,Ag-0.615-Au-0.385,pp0
443,uoft9_241025_Ag-0.5-Au-0.25-Pd-0.25_pp0_rep1,uoft,9,241025,Ag-0.5-Au-0.25-Pd-0.25,pp0
444,uoft9_241025_Au-0.25-Pd-0.75_pp0_rep1,uoft,9,241025,Au-0.25-Pd-0.75,pp0
445,uoft9_241025_Au-0.667-Cu-0.333_pp0_rep1,uoft,9,241025,Au-0.667-Cu-0.333,pp0
446,uoft9_241025_Cu-0.6-Pd-0.4_pp0_rep1,uoft,9,241025,Cu-0.6-Pd-0.4,pp0
447,uoft9_241025_Au-0.5-Cu-0.25-Pd-0.25_pp0_rep1,uoft,9,241025,Au-0.5-Cu-0.25-Pd-0.25,pp0
448,uoft9_241025_Au-0.25-Cu-0.5-Pd-0.25_pp0_rep1,uoft,9,241025,Au-0.25-Cu-0.5-Pd-0.25,pp0
449,uoft9_241025_Ag-0.25-Au-0.5-Pd-0.25_pp0_rep1,uoft,9,241025,Ag-0.25-Au-0.5-Pd-0.25,pp0
450,uoft9_241025_Au-0.5-Cu-0.375-Pd-0.125_pp0_rep1,uoft,9,241025,Au-0.5-Cu-0.375-Pd-0.125,pp0
451,uoft9_241025_Cu-0.25-Hg-0.25-Pd-0.5_pp0_rep1,uoft,9,241025,Cu-0.25-Hg-0.25-Pd-0.5,pp0
452,uoft9_241025_Au-0.333-Cu-0.667_pp0_rep1,uoft,9,241025,Au-0.333-Cu-0.667,pp0
453,uoft9_241025_Ag-0.75-Au-0.25_pp0_rep1,uoft,9,241025,Ag-0.75-Au-0.25,pp0
454,uoft9_241025_Ag-0.667-Au-0.333_pp0_rep1,uoft,9,241025,Ag-0.667-Au-0.333,pp0
455,uoft9_241025_Ag-0.222-Au-0.778_pp0_rep1,uoft,9,241025,Ag-0.222-Au-0.778,pp0
456,uoft9_241025_Cu-0.667-Pd-0.333_pp0_rep2,uoft,9,241025,Cu-0.667-Pd-0.333,pp0
457,uoft9_241025_Hg-0.2-Pd-0.8_pp0_rep2,uoft,9,241025,Hg-0.2-Pd-0.8,pp0
458,uoft9_241025_Hg-0.333-Pd-0.667_pp0_rep2,uoft,9,241025,Hg-0.333-Pd-0.667,pp0
459,uoft9_241025_Au-0.25-Cu-0.25-Pd-0.5_pp0_rep2,uoft,9,241025,Au-0.25-Cu-0.25-Pd-0.5,pp0
460,uoft9_241025_Ag-0.25-Cu-0.25-Pd-0.5_pp0_rep2,uoft,9,241025,Ag-0.25-Cu-0.25-Pd-0.5,pp0
461,uoft9_241025_Au-0.375-Pd-0.625_pp0_rep2,uoft,9,241025,Au-0.375-Pd-0.625,pp0
462,uoft9_241025_Au-0.625-Pd-0.375_pp0_rep2,uoft,9,241025,Au-0.625-Pd-0.375,pp0
463,uoft9_241025_Au-0.75-Pd-0.25_pp0_rep2,uoft,9,241025,Au-0.75-Pd-0.25,pp0
464,uoft9_241025_Au-0.25-Hg-0.25-Pd-0.5_pp0_rep2,uoft,9,241025,Au-0.25-Hg-0.25-Pd-0.5,pp0
465,uoft9_241025_Ag-0.25-Hg-0.25-Pd-0.5_pp0_rep2,uoft,9,241025,Ag-0.25-Hg-0.25-Pd-0.5,pp0
466,uoft9_241025_Hg-0.25-Pd-0.75_pp0_rep2,uoft,9,241025,Hg-0.25-Pd-0.75,pp0
467,uoft9_241025_Ag-0.167-Au-0.833_pp0_rep2,uoft,9,241025,Ag-0.167-Au-0.833,pp0
468,uoft9_241025_Au-0.4-Cu-0.6_pp0_rep2,uoft,9,241025,Au-0.4-Cu-0.6,pp0
469,uoft9_241025_Ag-0.25-Au-0.75_pp0_rep2,uoft,9,241025,Ag-0.25-Au-0.75,pp0
470,uoft9_241025_Ag-0.833-Au-0.167_pp0_rep2,uoft,9,241025,Ag-0.833-Au-0.167,pp0
471,uoft9_241025_Ag-0.7-Au-0.3_pp0_rep2,uoft,9,241025,Ag-0.7-Au-0.3,pp0
472,uoft9_241025_Ag-0.615-Au-0.385_pp0_rep2,uoft,9,241025,Ag-0.615-Au-0.385,pp0
473,uoft9_241025_Ag-0.5-Au-0.25-Pd-0.25_pp0_rep2,uoft,9,241025,Ag-0.5-Au-0.25-Pd-0.25,pp0
474,uoft9_241025_Au-0.25-Pd-0.75_pp0_rep2,uoft,9,241025,Au-0.25-Pd-0.75,pp0
475,uoft9_241025_Au-0.667-Cu-0.333_pp0_rep2,uoft,9,241025,Au-0.667-Cu-0.333,pp0
476,uoft9_241025_Cu-0.6-Pd-0.4_pp0_rep2,uoft,9,241025,Cu-0.6-Pd-0.4,pp0
477,uoft9_241025_Au-0.5-Cu-0.25-Pd-0.25_pp0_rep2,uoft,9,241025,Au-0.5-Cu-0.25-Pd-0.25,pp0
478,uoft9_241025_Au-0.25-Cu-0.5-Pd-0.25_pp0_rep2,uoft,9,241025,Au-0.25-Cu-0.5-Pd-0.25,pp0
479,uoft9_241025_Ag-0.25-Au-0.5-Pd-0.25_pp0_rep2,uoft,9,241025,Ag-0.25-Au-0.5-Pd-0.25,pp0
480,uoft9_241025_Au-0.5-Cu-0.375-Pd-0.125_pp0_rep2,uoft,9,241025,Au-0.5-Cu-0.375-Pd-0.125,pp0
481,uoft9_241025_Cu-0.25-Hg-0.25-Pd-0.5_pp0_rep2,uoft,9,241025,Cu-0.25-Hg-0.25-Pd-0.5,pp0
482,uoft9_241025_Au-0.333-Cu-0.667_pp0_rep2,uoft,9,241025,Au-0.333-Cu-0.667,pp0
483,uoft9_241025_Ag-0.75-Au-0.25_pp0_rep2,uoft,9,241025,Ag-0.75-Au-0.25,pp0
484,uoft9_241025_Ag-0.667-Au-0.333_pp0_rep2,uoft,9,241025,Ag-0.667-Au-0.333,pp0
485,uoft9_241025_Ag-0.222-Au-0.778_pp0_rep2,uoft,9,241025,Ag-0.222-Au-0.778,pp0
486,uoft9_241025_Cu-0.667-Pd-0.333_pp0_rep3,uoft,9,241025,Cu-0.667-Pd-0.333,pp0
487,uoft9_241025_Hg-0.2-Pd-0.8_pp0_rep3,uoft,9,241025,Hg-0.2-Pd-0.8,pp0
488,uoft9_241025_Hg-0.333-Pd-0.667_pp0_rep3,uoft,9,241025,Hg-0.333-Pd-0.667,pp0
489,uoft9_241025_Au-0.25-Cu-0.25-Pd-0.5_pp0_rep3,uoft,9,241025,Au-0.25-Cu-0.25-Pd-0.5,pp0
490,uoft9_241025_Ag-0.25-Cu-0.25-Pd-0.5_pp0_rep3,uoft,9,241025,Ag-0.25-Cu-0.25-Pd-0.5,pp0
491,uoft9_241025_Au-0.375-Pd-0.625_pp0_rep3,uoft,9,241025,Au-0.375-Pd-0.625,pp0
492,uoft9_241025_Au-0.625-Pd-0.375_pp0_rep3,uoft,9,241025,Au-0.625-Pd-0.375,pp0
493,uoft9_241025_Au-0.75-Pd-0.25_pp0_rep3,uoft,9,241025,Au-0.75-Pd-0.25,pp0
494,uoft9_241025_Au-0.25-Hg-0.25-Pd-0.5_pp0_rep3,uoft,9,241025,Au-0.25-Hg-0.25-Pd-0.5,pp0
495,uoft9_241025_Ag-0.25-Hg-0.25-Pd-0.5_pp0_rep3,uoft,9,241025,Ag-0.25-Hg-0.25-Pd-0.5,pp0
496,uoft9_241025_Hg-0.25-Pd-0.75_pp0_rep3,uoft,9,241025,Hg-0.25-Pd-0.75,pp0
497,uoft9_241025_Ag-0.167-Au-0.833_pp0_rep3,uoft,9,241025,Ag-0.167-Au-0.833,pp0
498,uoft9_241025_Au-0.4-Cu-0.6_pp0_rep3,uoft,9,241025,Au-0.4-Cu-0.6,pp0
499,uoft9_241025_Ag-0.25-Au-0.75_pp0_rep3,uoft,9,241025,Ag-0.25-Au-0.75,pp0
500,uoft9_241025_Ag-0.833-Au-0.167_pp0_rep3,uoft,9,241025,Ag-0.833-Au-0.167,pp0
501,uoft9_241025_Ag-0.7-Au-0.3_pp0_rep3,uoft,9,241025,Ag-0.7-Au-0.3,pp0
502,uoft9_241025_Ag-0.615-Au-0.385_pp0_rep3,uoft,9,241025,Ag-0.615-Au-0.385,pp0
503,uoft9_241025_Ag-0.5-Au-0.25-Pd-0.25_pp0_rep3,uoft,9,241025,Ag-0.5-Au-0.25-Pd-0.25,pp0
504,uoft9_241025_Au-0.25-Pd-0.75_pp0_rep3,uoft,9,241025,Au-0.25-Pd-0.75,pp0
505,uoft9_241025_Au-0.667-Cu-0.333_pp0_rep3,uoft,9,241025,Au-0.667-Cu-0.333,pp0
506,uoft9_241025_Cu-0.6-Pd-0.4_pp0_rep3,uoft,9,241025,Cu-0.6-Pd-0.4,pp0
507,uoft9_241025_Au-0.5-Cu-0.25-Pd-0.25_pp0_rep3,uoft,9,241025,Au-0.5-Cu-0.25-Pd-0.25,pp0
508,uoft9_241025_Au-0.25-Cu-0.5-Pd-0.25_pp0_rep3,uoft,9,241025,Au-0.25-Cu-0.5-Pd-0.25,pp0
509,uoft9_241025_Ag-0.25-Au-0.5-Pd-0.25_pp0_rep3,uoft,9,241025,Ag-0.25-Au-0.5-Pd-0.25,pp0
510,uoft9_241025_Au-0.5-Cu-0.375-Pd-0.125_pp0_rep3,uoft,9,241025,Au-0.5-Cu-0.375-Pd-0.125,pp0
511,uoft9_241025_Cu-0.25-Hg-0.25-Pd-0.5_pp0_rep3,uoft,9,241025,Cu-0.25-Hg-0.25-Pd-0.5,pp0
512,uoft9_241025_Au-0.333-Cu-0.667_pp0_rep3,uoft,9,241025,Au-0.333-Cu-0.667,pp0
513,uoft9_241025_Ag-0.75-Au-0.25_pp0_rep3,uoft,9,241025,Ag-0.75-Au-0.25,pp0
514,uoft9_241025_Ag-0.667-Au-0.333_pp0_rep3,uoft,9,241025,Ag-0.667-Au-0.333,pp0
515,uoft9_241025_Ag-0.222-Au-0.778_pp0_rep3,uoft,9,241025,Ag-0.222-Au-0.778,pp0
516,vsp1_240503_Ag-1.0_pp0_rep1,vsp,1,240503,Ag-1.0,pp0
517,vsp1_240503_Ag-0.111-Au-0.889_pp0_rep1,vsp,1,240503,Ag-0.111-Au-0.889,pp0
518,vsp1_240503_Ag-0.167-Au-0.833_pp0_rep1,vsp,1,240503,Ag-0.167-Au-0.833,pp0
519,vsp1_240503_Ag-0.188-Au-0.812_pp0_rep1,vsp,1,240503,Ag-0.188-Au-0.812,pp0
520,vsp1_240503_Ag-0.222-Au-0.778_pp0_rep1,vsp,1,240503,Ag-0.222-Au-0.778,pp0
521,vsp1_240503_Ag-0.25-Au-0.75_pp0_rep1,vsp,1,240503,Ag-0.25-Au-0.75,pp0
522,vsp1_240503_Ag-0.286-Au-0.714_pp0_rep1,vsp,1,240503,Ag-0.286-Au-0.714,pp0
523,vsp1_240503_Ag-0.2-Au-0.8_pp0_rep1,vsp,1,240503,Ag-0.2-Au-0.8,pp0
524,vsp1_240503_Ag-0.333-Au-0.667_pp0_rep1,vsp,1,240503,Ag-0.333-Au-0.667,pp0
525,vsp1_240503_Ag-0.375-Au-0.625_pp0_rep1,vsp,1,240503,Ag-0.375-Au-0.625,pp0
526,vsp1_240503_Ag-0.417-Au-0.583_pp0_rep1,vsp,1,240503,Ag-0.417-Au-0.583,pp0
527,vsp1_240503_Ag-0.429-Au-0.571_pp0_rep1,vsp,1,240503,Ag-0.429-Au-0.571,pp0
528,vsp1_240503_Ag-0.444-Au-0.556_pp0_rep1,vsp,1,240503,Ag-0.444-Au-0.556,pp0
529,vsp1_240503_Ag-0.4-Au-0.6_pp0_rep1,vsp,1,240503,Ag-0.4-Au-0.6,pp0
530,vsp1_240503_Ag-0.556-Au-0.444_pp0_rep1,vsp,1,240503,Ag-0.556-Au-0.444,pp0
531,vsp1_240503_Ag-0.583-Au-0.417_pp0_rep1,vsp,1,240503,Ag-0.583-Au-0.417,pp0
532,vsp1_240503_Ag-0.5-Au-0.5_pp0_rep1,vsp,1,240503,Ag-0.5-Au-0.5,pp0
533,vsp1_240503_Ag-0.615-Au-0.385_pp0_rep1,vsp,1,240503,Ag-0.615-Au-0.385,pp0
534,vsp1_240503_Ag-0.625-Au-0.375_pp0_rep1,vsp,1,240503,Ag-0.625-Au-0.375,pp0
535,vsp1_240503_Ag-0.667-Au-0.333_pp0_rep1,vsp,1,240503,Ag-0.667-Au-0.333,pp0
536,vsp1_240503_Ag-0.6-Au-0.4_pp0_rep1,vsp,1,240503,Ag-0.6-Au-0.4,pp0
537,vsp1_240503_Ag-0.714-Au-0.286_pp0_rep1,vsp,1,240503,Ag-0.714-Au-0.286,pp0
538,vsp1_240503_Ag-0.75-Au-0.25_pp0_rep1,vsp,1,240503,Ag-0.75-Au-0.25,pp0
539,vsp1_240503_Ag-0.778-Au-0.222_pp0_rep1,vsp,1,240503,Ag-0.778-Au-0.222,pp0
540,vsp1_240503_Ag-0.7-Au-0.3_pp0_rep1,vsp,1,240503,Ag-0.7-Au-0.3,pp0
541,vsp2_240718_In-1.0_pp0_rep1,vsp,2,240718,In-1.0,pp0
542,vsp2_240718_In-1.0_pp0_rep2,vsp,2,240718,In-1.0,pp0
543,vsp2_240718_Au-1.0_pp0_rep1,vsp,2,240718,Au-1.0,pp0
544,vsp2_240718_Au-1.0_pp0_rep2,vsp,2,240718,Au-1.0,pp0
545,vsp2_240718_Au-0.889-In-0.111_pp0_rep1,vsp,2,240718,Au-0.889-In-0.111,pp0
546,vsp2_240718_Au-0.889-In-0.111_pp0_rep2,vsp,2,240718,Au-0.889-In-0.111,pp0
547,vsp2_240718_Au-0.889-In-0.111_pp0_rep3,vsp,2,240718,Au-0.889-In-0.111,pp0
548,vsp2_240718_Au-0.889-In-0.111_pp0_rep4,vsp,2,240718,Au-0.889-In-0.111,pp0
549,vsp2_240718_Au-0.875-In-0.125_pp0_rep1,vsp,2,240718,Au-0.875-In-0.125,pp0
550,vsp2_240718_Au-0.875-In-0.125_pp0_rep2,vsp,2,240718,Au-0.875-In-0.125,pp0
551,vsp2_240718_Au-0.833-In-0.167_pp0_rep1,vsp,2,240718,Au-0.833-In-0.167,pp0
552,vsp2_240718_Au-0.833-In-0.167_pp0_rep2,vsp,2,240718,Au-0.833-In-0.167,pp0
553,vsp2_240718_Au-0.8-In-0.2_pp0_rep1,vsp,2,240718,Au-0.8-In-0.2,pp0
554,vsp2_240718_Au-0.8-In-0.2_pp0_rep2,vsp,2,240718,Au-0.8-In-0.2,pp0
555,vsp2_240718_Au-0.769-In-0.231_pp0_rep1,vsp,2,240718,Au-0.769-In-0.231,pp0
556,vsp2_240718_Au-0.769-In-0.231_pp0_rep2,vsp,2,240718,Au-0.769-In-0.231,pp0
557,vsp2_240718_Au-0.75-In-0.25_pp0_rep1,vsp,2,240718,Au-0.75-In-0.25,pp0
558,vsp2_240718_Au-0.75-In-0.25_pp0_rep2,vsp,2,240718,Au-0.75-In-0.25,pp0
559,vsp2_240718_Au-0.75-In-0.25_pp0_rep3,vsp,2,240718,Au-0.75-In-0.25,pp0
560,vsp2_240718_Au-0.75-In-0.25_pp0_rep4,vsp,2,240718,Au-0.75-In-0.25,pp0
561,vsp2_240718_Au-0.75-In-0.25_pp0_rep5,vsp,2,240718,Au-0.75-In-0.25,pp0
562,vsp2_240718_Au-0.75-In-0.25_pp0_rep6,vsp,2,240718,Au-0.75-In-0.25,pp0
563,vsp2_240718_Au-0.714-In-0.286_pp0_rep1,vsp,2,240718,Au-0.714-In-0.286,pp0
564,vsp2_240718_Au-0.714-In-0.286_pp0_rep2,vsp,2,240718,Au-0.714-In-0.286,pp0
565,vsp2_240718_Au-0.7-In-0.3_pp0_rep1,vsp,2,240718,Au-0.7-In-0.3,pp0
566,vsp2_240718_Au-0.7-In-0.3_pp0_rep2,vsp,2,240718,Au-0.7-In-0.3,pp0
567,vsp2_240718_Au-0.667-In-0.333_pp0_rep1,vsp,2,240718,Au-0.667-In-0.333,pp0
568,vsp2_240718_Au-0.667-In-0.333_pp0_rep2,vsp,2,240718,Au-0.667-In-0.333,pp0
569,vsp2_240718_Au-0.625-In-0.375_pp0_rep1,vsp,2,240718,Au-0.625-In-0.375,pp0
570,vsp2_240718_Au-0.625-In-0.375_pp0_rep2,vsp,2,240718,Au-0.625-In-0.375,pp0
571,vsp2_240718_Au-0.6-In-0.4_pp0_rep1,vsp,2,240718,Au-0.6-In-0.4,pp0
572,vsp2_240718_Au-0.6-In-0.4_pp0_rep2,vsp,2,240718,Au-0.6-In-0.4,pp0
573,vsp2_240718_Au-0.5-In-0.5_pp0_rep1,vsp,2,240718,Au-0.5-In-0.5,pp0
574,vsp2_240718_Au-0.5-In-0.5_pp0_rep2,vsp,2,240718,Au-0.5-In-0.5,pp0
575,vsp2_240718_Au-0.5-In-0.5_pp0_rep3,vsp,2,240718,Au-0.5-In-0.5,pp0
576,vsp2_240718_Au-0.5-In-0.5_pp0_rep4,vsp,2,240718,Au-0.5-In-0.5,pp0
577,vsp2_240718_Au-0.5-In-0.5_pp0_rep5,vsp,2,240718,Au-0.5-In-0.5,pp0
578,vsp2_240718_Au-0.5-In-0.5_pp0_rep6,vsp,2,240718,Au-0.5-In-0.5,pp0
579,vsp2_240718_Au-0.429-In-0.571_pp0_rep1,vsp,2,240718,Au-0.429-In-0.571,pp0
580,vsp2_240718_Au-0.429-In-0.571_pp0_rep2,vsp,2,240718,Au-0.429-In-0.571,pp0
581,vsp2_240718_Au-0.4-In-0.6_pp0_rep1,vsp,2,240718,Au-0.4-In-0.6,pp0
582,vsp2_240718_Au-0.4-In-0.6_pp0_rep2,vsp,2,240718,Au-0.4-In-0.6,pp0
583,vsp2_240718_Au-0.333-In-0.667_pp0_rep1,vsp,2,240718,Au-0.333-In-0.667,pp0
584,vsp2_240718_Au-0.333-In-0.667_pp0_rep2,vsp,2,240718,Au-0.333-In-0.667,pp0
585,vsp2_240718_Au-0.333-In-0.667_pp0_rep3,vsp,2,240718,Au-0.333-In-0.667,pp0
586,vsp2_240718_Au-0.333-In-0.667_pp0_rep4,vsp,2,240718,Au-0.333-In-0.667,pp0
587,vsp2_240718_Au-0.333-In-0.667_pp0_rep5,vsp,2,240718,Au-0.333-In-0.667,pp0
588,vsp2_240718_Au-0.333-In-0.667_pp0_rep6,vsp,2,240718,Au-0.333-In-0.667,pp0
589,vsp2_240718_Au-0.2-In-0.8_pp0_rep1,vsp,2,240718,Au-0.2-In-0.8,pp0
590,vsp3_240718_Au-0.111-Cu-0.889_pp0_rep1,vsp,3,240718,Au-0.111-Cu-0.889,pp0
591,vsp3_240718_Au-0.125-Cu-0.875_pp0_rep1,vsp,3,240718,Au-0.125-Cu-0.875,pp0
592,vsp3_240718_Au-0.25-Cu-0.75_pp0_rep1,vsp,3,240718,Au-0.25-Cu-0.75,pp0
593,vsp3_240718_Au-0.333-Cu-0.667_pp0_rep1,vsp,3,240718,Au-0.333-Cu-0.667,pp0
594,vsp3_240718_Au-0.333-Cu-0.667_pp0_rep2,vsp,3,240718,Au-0.333-Cu-0.667,pp0
595,vsp3_240718_Au-0.333-Cu-0.667_pp0_rep3,vsp,3,240718,Au-0.333-Cu-0.667,pp0
596,vsp3_240718_Au-0.375-Cu-0.625_pp0_rep1,vsp,3,240718,Au-0.375-Cu-0.625,pp0
597,vsp3_240718_Au-0.4-Cu-0.6_pp0_rep1,vsp,3,240718,Au-0.4-Cu-0.6,pp0
598,vsp3_240718_Au-0.429-Cu-0.571_pp0_rep1,vsp,3,240718,Au-0.429-Cu-0.571,pp0
599,vsp3_240718_Au-0.5-Cu-0.5_pp0_rep1,vsp,3,240718,Au-0.5-Cu-0.5,pp0
600,vsp3_240718_Au-0.556-Cu-0.444_pp0_rep1,vsp,3,240718,Au-0.556-Cu-0.444,pp0
601,vsp3_240718_Au-0.571-Cu-0.429_pp0_rep1,vsp,3,240718,Au-0.571-Cu-0.429,pp0
602,vsp3_240718_Au-0.6-Cu-0.4_pp0_rep1,vsp,3,240718,Au-0.6-Cu-0.4,pp0
603,vsp3_240718_Au-0.625-Cu-0.375_pp0_rep1,vsp,3,240718,Au-0.625-Cu-0.375,pp0
604,vsp3_240718_Au-0.667-Cu-0.333_pp0_rep1,vsp,3,240718,Au-0.667-Cu-0.333,pp0
605,vsp3_240718_Au-0.667-Cu-0.333_pp0_rep2,vsp,3,240718,Au-0.667-Cu-0.333,pp0
606,vsp3_240718_Au-0.667-Cu-0.333_pp0_rep3,vsp,3,240718,Au-0.667-Cu-0.333,pp0
607,vsp3_240718_Au-0.75-Cu-0.25_pp0_rep1,vsp,3,240718,Au-0.75-Cu-0.25,pp0
608,vsp3_240718_Au-0.8-Cu-0.2_pp0_rep1,vsp,3,240718,Au-0.8-Cu-0.2,pp0
609,vsp3_240718_Au-0.833-Cu-0.167_pp0_rep1,vsp,3,240718,Au-0.833-Cu-0.167,pp0
610,vsp3_240718_Au-0.875-Cu-0.125_pp0_rep1,vsp,3,240718,Au-0.875-Cu-0.125,pp0
611,vsp3_240718_Au-0.889-Cu-0.111_pp0_rep1,vsp,3,240718,Au-0.889-Cu-0.111,pp0
612,vsp3_240718_Au-1.0_pp0_rep1,vsp,3,240718,Au-1.0,pp0
613,vsp3_240718_Cu-1.0_pp0_rep1,vsp,3,240718,Cu-1.0,pp0
614,vsp4_240726_Pd-1.0_pp0_rep1,vsp,4,240726,Pd-1.0,pp0
615,vsp4_240726_Pd-0.2-Sn-0.8_pp0_rep1,vsp,4,240726,Pd-0.2-Sn-0.8,pp0
616,vsp4_240726_Pd-0.25-Sn-0.75_pp0_rep1,vsp,4,240726,Pd-0.25-Sn-0.75,pp0
617,vsp4_240726_Pd-0.25-Sn-0.75_pp0_rep2,vsp,4,240726,Pd-0.25-Sn-0.75,pp0
618,vsp4_240726_Pd-0.25-Sn-0.75_pp0_rep3,vsp,4,240726,Pd-0.25-Sn-0.75,pp0
619,vsp4_240726_Pd-0.333-Sn-0.667_pp0_rep1,vsp,4,240726,Pd-0.333-Sn-0.667,pp0
620,vsp4_240726_Pd-0.4-Sn-0.6_pp0_rep1,vsp,4,240726,Pd-0.4-Sn-0.6,pp0
621,vsp4_240726_Pd-0.47-Sn-0.53_pp0_rep1,vsp,4,240726,Pd-0.47-Sn-0.53,pp0
622,vsp4_240726_Pd-0.5-Sn-0.5_pp0_rep1,vsp,4,240726,Pd-0.5-Sn-0.5,pp0
623,vsp4_240726_Pd-0.5-Sn-0.5_pp0_rep2,vsp,4,240726,Pd-0.5-Sn-0.5,pp0
624,vsp4_240726_Pd-0.5-Sn-0.5_pp0_rep3,vsp,4,240726,Pd-0.5-Sn-0.5,pp0
625,vsp4_240726_Pd-0.54-Sn-0.46_pp0_rep1,vsp,4,240726,Pd-0.54-Sn-0.46,pp0
626,vsp4_240726_Pd-0.58-Sn-0.42_pp0_rep1,vsp,4,240726,Pd-0.58-Sn-0.42,pp0
627,vsp4_240726_Pd-0.62-Sn-0.38_pp0_rep1,vsp,4,240726,Pd-0.62-Sn-0.38,pp0
628,vsp4_240726_Pd-0.667-Sn-0.333_pp0_rep1,vsp,4,240726,Pd-0.667-Sn-0.333,pp0
629,vsp4_240726_Pd-0.7-Sn-0.3_pp0_rep1,vsp,4,240726,Pd-0.7-Sn-0.3,pp0
630,vsp4_240726_Pd-0.75-Sn-0.25_pp0_rep1,vsp,4,240726,Pd-0.75-Sn-0.25,pp0
631,vsp4_240726_Pd-0.75-Sn-0.25_pp0_rep2,vsp,4,240726,Pd-0.75-Sn-0.25,pp0
632,vsp4_240726_Pd-0.75-Sn-0.25_pp0_rep3,vsp,4,240726,Pd-0.75-Sn-0.25,pp0
633,vsp4_240726_Pd-0.833-Sn-0.167_pp0_rep1,vsp,4,240726,Pd-0.833-Sn-0.167,pp0
634,vsp4_240726_Pd-0.867-Sn-0.133_pp0_rep1,vsp,4,240726,Pd-0.867-Sn-0.133,pp0
635,vsp4_240726_Pd-0.889-Sn-0.111_pp0_rep1,vsp,4,240726,Pd-0.889-Sn-0.111,pp0
636,vsp4_240726_Pd-0.889-Sn-0.111_pp0_rep2,vsp,4,240726,Pd-0.889-Sn-0.111,pp0
637,vsp4_240726_Pd-0.889-Sn-0.111_pp0_rep3,vsp,4,240726,Pd-0.889-Sn-0.111,pp0
638,vsp4_240726_Sn-1.0_pp0_rep1,vsp,4,240726,Sn-1.0,pp0
639,vsp6_240718_In-0.111-Zn-0.889_pp0_rep1,vsp,6,240718,In-0.111-Zn-0.889,pp0
640,vsp6_240718_In-0.167-Zn-0.833_pp0_rep1,vsp,6,240718,In-0.167-Zn-0.833,pp0
641,vsp6_240718_In-0.167-Zn-0.833_pp0_rep2,vsp,6,240718,In-0.167-Zn-0.833,pp0
642,vsp6_240718_In-0.167-Zn-0.833_pp0_rep3,vsp,6,240718,In-0.167-Zn-0.833,pp0
643,vsp6_240718_In-0.25-Zn-0.75_pp0_rep1,vsp,6,240718,In-0.25-Zn-0.75,pp0
644,vsp6_240718_In-0.25-Zn-0.75_pp0_rep2,vsp,6,240718,In-0.25-Zn-0.75,pp0
645,vsp6_240718_In-0.25-Zn-0.75_pp0_rep3,vsp,6,240718,In-0.25-Zn-0.75,pp0
646,vsp6_240718_In-0.31-Zn-0.69_pp0_rep1,vsp,6,240718,In-0.31-Zn-0.69,pp0
647,vsp6_240718_In-0.37-Zn-0.63_pp0_rep2,vsp,6,240718,In-0.37-Zn-0.63,pp0
648,vsp6_240718_In-0.44-Zn-0.56_pp0_rep3,vsp,6,240718,In-0.44-Zn-0.56,pp0
649,vsp6_240718_In-0.5-Zn-0.5_pp0_rep1,vsp,6,240718,In-0.5-Zn-0.5,pp0
650,vsp6_240718_In-0.5-Zn-0.5_pp0_rep2,vsp,6,240718,In-0.5-Zn-0.5,pp0
651,vsp6_240718_In-0.5-Zn-0.5_pp0_rep3,vsp,6,240718,In-0.5-Zn-0.5,pp0
652,vsp6_240718_In-0.54-Zn-0.46_pp0_rep1,vsp,6,240718,In-0.54-Zn-0.46,pp0
653,vsp6_240718_In-0.571-Zn-0.429_pp0_rep1,vsp,6,240718,In-0.571-Zn-0.429,pp0
654,vsp6_240718_In-0.571-Zn-0.429_pp0_rep2,vsp,6,240718,In-0.571-Zn-0.429,pp0
655,vsp6_240718_In-0.571-Zn-0.429_pp0_rep3,vsp,6,240718,In-0.571-Zn-0.429,pp0
656,vsp6_240718_In-0.62-Zn-0.38_pp0_rep1,vsp,6,240718,In-0.62-Zn-0.38,pp0
657,vsp6_240718_In-0.667-Zn-0.333_pp0_rep1,vsp,6,240718,In-0.667-Zn-0.333,pp0
658,vsp6_240718_In-0.667-Zn-0.333_pp0_rep2,vsp,6,240718,In-0.667-Zn-0.333,pp0
659,vsp6_240718_In-0.667-Zn-0.333_pp0_rep3,vsp,6,240718,In-0.667-Zn-0.333,pp0
660,vsp6_240718_In-0.72-Zn-0.28_pp0_rep1,vsp,6,240718,In-0.72-Zn-0.28,pp0
661,vsp6_240718_In-0.8-Zn-0.2_pp0_rep1,vsp,6,240718,In-0.8-Zn-0.2,pp0
662,vsp6_240718_In-1.0_pp0_rep1,vsp,6,240718,In-1.0,pp0
663,vsp6_240718_Zn-1.0_pp0_rep1,vsp,6,240718,Zn-1.0,pp0
664,vsp8_240802_Pd-0.889-Zn-0.111_pp0_rep1,vsp,8,240802,Pd-0.889-Zn-0.111,pp0
665,vsp8_240802_Pd-0.867-Zn-0.133_pp0_rep1,vsp,8,240802,Pd-0.867-Zn-0.133,pp0
666,vsp8_240802_Pd-0.833-Zn-0.167_pp0_rep1,vsp,8,240802,Pd-0.833-Zn-0.167,pp0
667,vsp8_240802_Pd-0.8-Zn-0.2_pp0_rep1,vsp,8,240802,Pd-0.8-Zn-0.2,pp0
668,vsp8_240802_Pd-0.75-Zn-0.25_pp0_rep1,vsp,8,240802,Pd-0.75-Zn-0.25,pp0
669,vsp8_240802_Pd-0.75-Zn-0.25_pp0_rep2,vsp,8,240802,Pd-0.75-Zn-0.25,pp0
670,vsp8_240802_Pd-0.75-Zn-0.25_pp0_rep3,vsp,8,240802,Pd-0.75-Zn-0.25,pp0
671,vsp8_240802_Pd-0.7-Zn-0.3_pp0_rep1,vsp,8,240802,Pd-0.7-Zn-0.3,pp0
672,vsp8_240802_Pd-0.667-Zn-0.333_pp0_rep1,vsp,8,240802,Pd-0.667-Zn-0.333,pp0
673,vsp8_240802_Pd-0.625-Zn-0.375_pp0_rep1,vsp,8,240802,Pd-0.625-Zn-0.375,pp0
674,vsp8_240802_Pd-0.571-Zn-0.429_pp0_rep1,vsp,8,240802,Pd-0.571-Zn-0.429,pp0
675,vsp8_240802_Pd-0.5-Zn-0.5_pp0_rep1,vsp,8,240802,Pd-0.5-Zn-0.5,pp0
676,vsp8_240802_Pd-0.5-Zn-0.5_pp0_rep2,vsp,8,240802,Pd-0.5-Zn-0.5,pp0
677,vsp8_240802_Pd-0.5-Zn-0.5_pp0_rep3,vsp,8,240802,Pd-0.5-Zn-0.5,pp0
678,vsp8_240802_Pd-0.429-Zn-0.571_pp0_rep1,vsp,8,240802,Pd-0.429-Zn-0.571,pp0
679,vsp8_240802_Pd-0.4-Zn-0.6_pp0_rep1,vsp,8,240802,Pd-0.4-Zn-0.6,pp0
680,vsp8_240802_Pd-0.375-Zn-0.625_pp0_rep1,vsp,8,240802,Pd-0.375-Zn-0.625,pp0
681,vsp8_240802_Pd-0.333-Zn-0.667_pp0_rep1,vsp,8,240802,Pd-0.333-Zn-0.667,pp0
682,vsp8_240802_Pd-0.25-Zn-0.75_pp0_rep1,vsp,8,240802,Pd-0.25-Zn-0.75,pp0
683,vsp8_240802_Pd-0.231-Zn-0.769_pp0_rep1,vsp,8,240802,Pd-0.231-Zn-0.769,pp0
684,vsp8_240802_Pd-0.167-Zn-0.833_pp0_rep1,vsp,8,240802,Pd-0.167-Zn-0.833,pp0
685,vsp8_240802_Pd-0.125-Zn-0.875_pp0_rep1,vsp,8,240802,Pd-0.125-Zn-0.875,pp0
686,vsp8_240802_Pd-0.111-Zn-0.889_pp0_rep1,vsp,8,240802,Pd-0.111-Zn-0.889,pp0
687,vsp8_240802_Pd-1.0_pp0_rep1,vsp,8,240802,Pd-1.0,pp0
688,vsp8_240802_Zn-1.0_pp0_rep1,vsp,8,240802,Zn-1.0,pp0
689,vsp9_240726_Sn-0.19-Zn-0.81_pp0_rep1,vsp,9,240726,Sn-0.19-Zn-0.81,pp0
690,vsp9_240726_Sn-0.22-Zn-0.78_pp0_rep1,vsp,9,240726,Sn-0.22-Zn-0.78,pp0
691,vsp9_240726_Sn-0.25-Zn-0.75_pp0_rep1,vsp,9,240726,Sn-0.25-Zn-0.75,pp0
692,vsp9_240726_Sn-0.25-Zn-0.75_pp0_rep2,vsp,9,240726,Sn-0.25-Zn-0.75,pp0
693,vsp9_240726_Sn-0.25-Zn-0.75_pp0_rep3,vsp,9,240726,Sn-0.25-Zn-0.75,pp0
694,vsp9_240726_Sn-0.28-Zn-0.72_pp0_rep1,vsp,9,240726,Sn-0.28-Zn-0.72,pp0
695,vsp9_240726_Sn-0.31-Zn-0.69_pp0_rep1,vsp,9,240726,Sn-0.31-Zn-0.69,pp0
696,vsp9_240726_Sn-0.333-Zn-0.667_pp0_rep1,vsp,9,240726,Sn-0.333-Zn-0.667,pp0
697,vsp9_240726_Sn-0.333-Zn-0.667_pp0_rep2,vsp,9,240726,Sn-0.333-Zn-0.667,pp0
698,vsp9_240726_Sn-0.333-Zn-0.667_pp0_rep3,vsp,9,240726,Sn-0.333-Zn-0.667,pp0
699,vsp9_240726_Sn-0.37-Zn-0.63_pp0_rep1,vsp,9,240726,Sn-0.37-Zn-0.63,pp0
700,vsp9_240726_Sn-0.37-Zn-0.63_pp0_rep2,vsp,9,240726,Sn-0.37-Zn-0.63,pp0
701,vsp9_240726_Sn-0.37-Zn-0.63_pp0_rep3,vsp,9,240726,Sn-0.37-Zn-0.63,pp0
702,vsp9_240726_Sn-0.4-Zn-0.6_pp0_rep1,vsp,9,240726,Sn-0.4-Zn-0.6,pp0
703,vsp9_240726_Sn-0.44-Zn-0.56_pp0_rep1,vsp,9,240726,Sn-0.44-Zn-0.56,pp0
704,vsp9_240726_Sn-0.47-Zn-0.53_pp0_rep1,vsp,9,240726,Sn-0.47-Zn-0.53,pp0
705,vsp9_240726_Sn-0.5-Zn-0.5_pp0_rep1,vsp,9,240726,Sn-0.5-Zn-0.5,pp0
706,vsp9_240726_Sn-0.5-Zn-0.5_pp0_rep2,vsp,9,240726,Sn-0.5-Zn-0.5,pp0
707,vsp9_240726_Sn-0.5-Zn-0.5_pp0_rep3,vsp,9,240726,Sn-0.5-Zn-0.5,pp0
708,vsp9_240726_Sn-0.53-Zn-0.47_pp0_rep1,vsp,9,240726,Sn-0.53-Zn-0.47,pp0
709,vsp9_240726_Sn-0.53-Zn-0.47_pp0_rep2,vsp,9,240726,Sn-0.53-Zn-0.47,pp0
710,vsp9_240726_Sn-0.53-Zn-0.47_pp0_rep3,vsp,9,240726,Sn-0.53-Zn-0.47,pp0
711,vsp9_240726_Sn-0.56-Zn-0.44_pp0_rep1,vsp,9,240726,Sn-0.56-Zn-0.44,pp0
712,vsp9_240726_Sn-1.0_pp0_rep1,vsp,9,240726,Sn-1.0,pp0
713,vsp9_240726_Zn-1.0_pp0_rep1,vsp,9,240726,Zn-1.0,pp0
714,vsp10_240726_Au-0.111-Zn-0.889_pp0_rep1,vsp,10,240726,Au-0.111-Zn-0.889,pp0
715,vsp10_240726_Au-0.125-Zn-0.875_pp0_rep1,vsp,10,240726,Au-0.125-Zn-0.875,pp0
716,vsp10_240726_Au-0.167-Zn-0.833_pp0_rep1,vsp,10,240726,Au-0.167-Zn-0.833,pp0
717,vsp10_240726_Au-0.2-Zn-0.8_pp0_rep1,vsp,10,240726,Au-0.2-Zn-0.8,pp0
718,vsp10_240726_Au-0.25-Zn-0.75_pp0_rep1,vsp,10,240726,Au-0.25-Zn-0.75,pp0
719,vsp10_240726_Au-0.294-Zn-0.706_pp0_rep1,vsp,10,240726,Au-0.294-Zn-0.706,pp0
720,vsp10_240726_Au-0.333-Zn-0.667_pp0_rep1,vsp,10,240726,Au-0.333-Zn-0.667,pp0
721,vsp10_240726_Au-0.375-Zn-0.625_pp0_rep1,vsp,10,240726,Au-0.375-Zn-0.625,pp0
722,vsp10_240726_Au-0.4-Zn-0.6_pp0_rep1,vsp,10,240726,Au-0.4-Zn-0.6,pp0
723,vsp10_240726_Au-0.429-Zn-0.571_pp0_rep1,vsp,10,240726,Au-0.429-Zn-0.571,pp0
724,vsp10_240726_Au-0.5-Zn-0.5_pp0_rep1,vsp,10,240726,Au-0.5-Zn-0.5,pp0
725,vsp10_240726_Au-0.556-Zn-0.444_pp0_rep1,vsp,10,240726,Au-0.556-Zn-0.444,pp0
726,vsp10_240726_Au-0.6-Zn-0.4_pp0_rep1,vsp,10,240726,Au-0.6-Zn-0.4,pp0
727,vsp10_240726_Au-0.625-Zn-0.375_pp0_rep1,vsp,10,240726,Au-0.625-Zn-0.375,pp0
728,vsp10_240726_Au-0.667-Zn-0.333_pp0_rep1,vsp,10,240726,Au-0.667-Zn-0.333,pp0
729,vsp10_240726_Au-0.692-Zn-0.308_pp0_rep1,vsp,10,240726,Au-0.692-Zn-0.308,pp0
730,vsp10_240726_Au-0.7-Zn-0.3_pp0_rep1,vsp,10,240726,Au-0.7-Zn-0.3,pp0
731,vsp10_240726_Au-0.75-Zn-0.25_pp0_rep1,vsp,10,240726,Au-0.75-Zn-0.25,pp0
732,vsp10_240726_Au-0.75-Zn-0.25_pp0_rep2,vsp,10,240726,Au-0.75-Zn-0.25,pp0
733,vsp10_240726_Au-0.75-Zn-0.25_pp0_rep3,vsp,10,240726,Au-0.75-Zn-0.25,pp0
734,vsp10_240726_Au-0.8-Zn-0.2_pp0_rep1,vsp,10,240726,Au-0.8-Zn-0.2,pp0
735,vsp10_240726_Au-0.833-Zn-0.167_pp0_rep1,vsp,10,240726,Au-0.833-Zn-0.167,pp0
736,vsp10_240726_Au-0.889-Zn-0.111_pp0_rep1,vsp,10,240726,Au-0.889-Zn-0.111,pp0
737,vsp10_240726_Zn-1.0_pp0_rep1,vsp,10,240726,Zn-1.0,pp0
738,vsp10_240726_Au-1.0_pp0_rep1,vsp,10,240726,Au-1.0,pp0
739,vsp11_240802_Ag-0.889-Zn-0.111_pp0_rep1,vsp,11,240802,Ag-0.889-Zn-0.111,pp0
740,vsp11_240802_Ag-0.833-Zn-0.167_pp0_rep1,vsp,11,240802,Ag-0.833-Zn-0.167,pp0
741,vsp11_240802_Ag-0.8-Zn-0.2_pp0_rep1,vsp,11,240802,Ag-0.8-Zn-0.2,pp0
742,vsp11_240802_Ag-0.778-Zn-0.222_pp0_rep1,vsp,11,240802,Ag-0.778-Zn-0.222,pp0
743,vsp11_240802_Ag-0.75-Zn-0.25_pp0_rep1,vsp,11,240802,Ag-0.75-Zn-0.25,pp0
744,vsp11_240802_Ag-0.667-Zn-0.333_pp0_rep1,vsp,11,240802,Ag-0.667-Zn-0.333,pp0
745,vsp11_240802_Ag-0.625-Zn-0.375_pp0_rep1,vsp,11,240802,Ag-0.625-Zn-0.375,pp0
746,vsp11_240802_Ag-0.6-Zn-0.4_pp0_rep1,vsp,11,240802,Ag-0.6-Zn-0.4,pp0
747,vsp11_240802_Ag-0.583-Zn-0.417_pp0_rep1,vsp,11,240802,Ag-0.583-Zn-0.417,pp0
748,vsp11_240802_Ag-0.556-Zn-0.444_pp0_rep1,vsp,11,240802,Ag-0.556-Zn-0.444,pp0
749,vsp11_240802_Ag-0.5-Zn-0.5_pp0_rep1,vsp,11,240802,Ag-0.5-Zn-0.5,pp0
750,vsp11_240802_Ag-0.462-Zn-0.538_pp0_rep1,vsp,11,240802,Ag-0.462-Zn-0.538,pp0
751,vsp11_240802_Ag-0.429-Zn-0.571_pp0_rep1,vsp,11,240802,Ag-0.429-Zn-0.571,pp0
752,vsp11_240802_Ag-0.4-Zn-0.6_pp0_rep1,vsp,11,240802,Ag-0.4-Zn-0.6,pp0
753,vsp11_240802_Ag-0.375-Zn-0.625_pp0_rep1,vsp,11,240802,Ag-0.375-Zn-0.625,pp0
754,vsp11_240802_Ag-0.333-Zn-0.667_pp0_rep1,vsp,11,240802,Ag-0.333-Zn-0.667,pp0
755,vsp11_240802_Ag-0.25-Zn-0.75_pp0_rep1,vsp,11,240802,Ag-0.25-Zn-0.75,pp0
756,vsp11_240802_Ag-0.25-Zn-0.75_pp0_rep2,vsp,11,240802,Ag-0.25-Zn-0.75,pp0
757,vsp11_240802_Ag-0.25-Zn-0.75_pp0_rep3,vsp,11,240802,Ag-0.25-Zn-0.75,pp0
758,vsp11_240802_Ag-0.222-Zn-0.778_pp0_rep1,vsp,11,240802,Ag-0.222-Zn-0.778,pp0
759,vsp11_240802_Ag-0.2-Zn-0.8_pp0_rep1,vsp,11,240802,Ag-0.2-Zn-0.8,pp0
760,vsp11_240802_Ag-0.167-Zn-0.833_pp0_rep1,vsp,11,240802,Ag-0.167-Zn-0.833,pp0
761,vsp11_240802_Ag-0.111-Zn-0.889_pp0_rep1,vsp,11,240802,Ag-0.111-Zn-0.889,pp0
762,vsp11_240802_Zn-1.0_pp0_rep1,vsp,11,240802,Zn-1.0,pp0
763,vsp11_240802_Ag-1.0_pp0_rep1,vsp,11,240802,Ag-1.0,pp0
764,vsp12_240816_Ag-0.75-In-0.125-Sn-0.125_pp0_rep1,vsp,12,240816,Ag-0.75-In-0.125-Sn-0.125,pp0
765,vsp12_240816_Ag-0.75-In-0.125-Sn-0.125_pp0_rep2,vsp,12,240816,Ag-0.75-In-0.125-Sn-0.125,pp0
766,vsp12_240816_Ag-0.75-In-0.125-Sn-0.125_pp0_rep3,vsp,12,240816,Ag-0.75-In-0.125-Sn-0.125,pp0
767,vsp12_240816_Ag-0.727-In-0.182-Sn-0.091_pp0_rep1,vsp,12,240816,Ag-0.727-In-0.182-Sn-0.091,pp0
768,vsp12_240816_Ag-0.667-In-0.111-Sn-0.222_pp0_rep1,vsp,12,240816,Ag-0.667-In-0.111-Sn-0.222,pp0
769,vsp12_240816_Ag-0.5-In-0.25-Sn-0.25_pp0_rep1,vsp,12,240816,Ag-0.5-In-0.25-Sn-0.25,pp0
770,vsp12_240816_Ag-0.5-In-0.25-Sn-0.25_pp0_rep2,vsp,12,240816,Ag-0.5-In-0.25-Sn-0.25,pp0
771,vsp12_240816_Ag-0.5-In-0.25-Sn-0.25_pp0_rep3,vsp,12,240816,Ag-0.5-In-0.25-Sn-0.25,pp0
772,vsp12_240816_Ag-0.5-In-0.167-Sn-0.333_pp0_rep1,vsp,12,240816,Ag-0.5-In-0.167-Sn-0.333,pp0
773,vsp12_240816_Ag-0.333-In-0.333-Sn-0.333_pp0_rep1,vsp,12,240816,Ag-0.333-In-0.333-Sn-0.333,pp0
774,vsp12_240816_Ag-0.333-In-0.333-Sn-0.333_pp0_rep2,vsp,12,240816,Ag-0.333-In-0.333-Sn-0.333,pp0
775,vsp12_240816_Ag-0.333-In-0.333-Sn-0.333_pp0_rep3,vsp,12,240816,Ag-0.333-In-0.333-Sn-0.333,pp0
776,vsp12_240816_Ag-0.25-In-0.25-Sn-0.5_pp0_rep1,vsp,12,240816,Ag-0.25-In-0.25-Sn-0.5,pp0
777,vsp12_240816_Ag-0.25-In-0.25-Sn-0.5_pp0_rep2,vsp,12,240816,Ag-0.25-In-0.25-Sn-0.5,pp0
778,vsp12_240816_Ag-0.25-In-0.25-Sn-0.5_pp0_rep3,vsp,12,240816,Ag-0.25-In-0.25-Sn-0.5,pp0
779,vsp12_240816_Ag-0.125-In-0.125-Sn-0.75_pp0_rep1,vsp,12,240816,Ag-0.125-In-0.125-Sn-0.75,pp0
780,vsp12_240816_Ag-0.333-In-0.5-Sn-0.167_pp0_rep1,vsp,12,240816,Ag-0.333-In-0.5-Sn-0.167,pp0
781,vsp12_240816_Ag-0.125-In-0.75-Sn-0.125_pp0_rep1,vsp,12,240816,Ag-0.125-In-0.75-Sn-0.125,pp0
782,vsp12_240816_Ag-0.222-In-0.667-Sn-0.111_pp0_rep1,vsp,12,240816,Ag-0.222-In-0.667-Sn-0.111,pp0
783,vsp12_240816_Ag-0.091-In-0.727-Sn-0.182_pp0_rep1,vsp,12,240816,Ag-0.091-In-0.727-Sn-0.182,pp0
784,vsp12_240816_Ag-0.182-In-0.091-Sn-0.727_pp0_rep1,vsp,12,240816,Ag-0.182-In-0.091-Sn-0.727,pp0
785,vsp12_240816_Ag-0.5-In-0.5_pp0_rep1,vsp,12,240816,Ag-0.5-In-0.5,pp0
786,vsp12_240816_Ag-0.5-In-0.5_pp0_rep2,vsp,12,240816,Ag-0.5-In-0.5,pp0
787,vsp12_240816_Ag-0.5-In-0.5_pp0_rep3,vsp,12,240816,Ag-0.5-In-0.5,pp0
788,vsp12_240816_In-0.5-Sn-0.5_pp0_rep1,vsp,12,240816,In-0.5-Sn-0.5,pp0
789,vsp12_240816_In-0.5-Sn-0.5_pp0_rep2,vsp,12,240816,In-0.5-Sn-0.5,pp0
790,vsp12_240816_In-0.5-Sn-0.5_pp0_rep3,vsp,12,240816,In-0.5-Sn-0.5,pp0
791,vsp12_240816_Ag-0.5-Sn-0.5_pp0_rep1,vsp,12,240816,Ag-0.5-Sn-0.5,pp0
792,vsp12_240816_Ag-0.5-Sn-0.5_pp0_rep2,vsp,12,240816,Ag-0.5-Sn-0.5,pp0
793,vsp12_240816_Ag-0.5-Sn-0.5_pp0_rep3,vsp,12,240816,Ag-0.5-Sn-0.5,pp0
794,vsp12_240816_Sn-1.0_pp0_rep1,vsp,12,240816,Sn-1.0,pp0
795,vsp12_240816_In-1.0_pp0_rep1,vsp,12,240816,In-1.0,pp0
796,vsp12_240816_Ag-1.0_pp0_rep1,vsp,12,240816,Ag-1.0,pp0
797,vsp13_240823_Ag-0.6-Au-0.35-Zn-0.05_pp0_rep1,vsp,13,240823,Ag-0.6-Au-0.35-Zn-0.05,pp0
798,vsp13_240823_Ag-0.4-Au-0.5-Zn-0.1_pp0_rep1,vsp,13,240823,Ag-0.4-Au-0.5-Zn-0.1,pp0
799,vsp13_240823_Ag-0.444-Au-0.444-Zn-0.111_pp0_rep1,vsp,13,240823,Ag-0.444-Au-0.444-Zn-0.111,pp0
800,vsp13_240823_Ag-0.667-Au-0.222-Zn-0.111_pp0_rep1,vsp,13,240823,Ag-0.667-Au-0.222-Zn-0.111,pp0
801,vsp13_240823_Ag-0.25-Au-0.625-Zn-0.125_pp0_rep1,vsp,13,240823,Ag-0.25-Au-0.625-Zn-0.125,pp0
802,vsp13_240823_Ag-0.375-Au-0.5-Zn-0.125_pp0_rep1,vsp,13,240823,Ag-0.375-Au-0.5-Zn-0.125,pp0
803,vsp13_240823_Ag-0.5-Au-0.375-Zn-0.125_pp0_rep1,vsp,13,240823,Ag-0.5-Au-0.375-Zn-0.125,pp0
804,vsp13_240823_Ag-0.286-Au-0.571-Zn-0.143_pp0_rep1,vsp,13,240823,Ag-0.286-Au-0.571-Zn-0.143,pp0
805,vsp13_240823_Ag-0.571-Au-0.286-Zn-0.143_pp0_rep1,vsp,13,240823,Ag-0.571-Au-0.286-Zn-0.143,pp0
806,vsp13_240823_Ag-0.167-Au-0.667-Zn-0.167_pp0_rep1,vsp,13,240823,Ag-0.167-Au-0.667-Zn-0.167,pp0
807,vsp13_240823_Ag-0.333-Au-0.5-Zn-0.167_pp0_rep1,vsp,13,240823,Ag-0.333-Au-0.5-Zn-0.167,pp0
808,vsp13_240823_Ag-0.5-Au-0.333-Zn-0.167_pp0_rep1,vsp,13,240823,Ag-0.5-Au-0.333-Zn-0.167,pp0
809,vsp13_240823_Ag-0.667-Au-0.167-Zn-0.167_pp0_rep1,vsp,13,240823,Ag-0.667-Au-0.167-Zn-0.167,pp0
810,vsp13_240823_Ag-0.364-Au-0.455-Zn-0.182_pp0_rep1,vsp,13,240823,Ag-0.364-Au-0.455-Zn-0.182,pp0
811,vsp13_240823_Ag-0.636-Au-0.182-Zn-0.182_pp0_rep1,vsp,13,240823,Ag-0.636-Au-0.182-Zn-0.182,pp0
812,vsp13_240823_Ag-0.111-Au-0.667-Zn-0.222_pp0_rep1,vsp,13,240823,Ag-0.111-Au-0.667-Zn-0.222,pp0
813,vsp13_240823_Ag-0.125-Au-0.625-Zn-0.25_pp0_rep1,vsp,13,240823,Ag-0.125-Au-0.625-Zn-0.25,pp0
814,vsp13_240823_Ag-0.25-Au-0.5-Zn-0.25_pp0_rep1,vsp,13,240823,Ag-0.25-Au-0.5-Zn-0.25,pp0
815,vsp13_240823_Ag-0.25-Au-0.5-Zn-0.25_pp0_rep2,vsp,13,240823,Ag-0.25-Au-0.5-Zn-0.25,pp0
816,vsp13_240823_Ag-0.25-Au-0.5-Zn-0.25_pp0_rep3,vsp,13,240823,Ag-0.25-Au-0.5-Zn-0.25,pp0
817,vsp13_240823_Ag-0.5-Au-0.25-Zn-0.25_pp0_rep1,vsp,13,240823,Ag-0.5-Au-0.25-Zn-0.25,pp0
818,vsp13_240823_Ag-0.5-Au-0.25-Zn-0.25_pp0_rep2,vsp,13,240823,Ag-0.5-Au-0.25-Zn-0.25,pp0
819,vsp13_240823_Ag-0.5-Au-0.25-Zn-0.25_pp0_rep3,vsp,13,240823,Ag-0.5-Au-0.25-Zn-0.25,pp0
820,vsp13_240823_Ag-0.625-Au-0.125-Zn-0.25_pp0_rep1,vsp,13,240823,Ag-0.625-Au-0.125-Zn-0.25,pp0
821,vsp13_240823_Ag-0.286-Au-0.429-Zn-0.286_pp0_rep1,vsp,13,240823,Ag-0.286-Au-0.429-Zn-0.286,pp0
822,vsp13_240823_Ag-0.429-Au-0.286-Zn-0.286_pp0_rep1,vsp,13,240823,Ag-0.429-Au-0.286-Zn-0.286,pp0
823,vsp13_240823_Ag-0.333-Au-0.333-Zn-0.333_pp0_rep1,vsp,13,240823,Ag-0.333-Au-0.333-Zn-0.333,pp0
824,vsp13_240823_Ag-0.125-Au-0.5-Zn-0.375_pp0_rep1,vsp,13,240823,Ag-0.125-Au-0.5-Zn-0.375,pp0
825,vsp13_240823_Ag-0.5-Au-0.125-Zn-0.375_pp0_rep1,vsp,13,240823,Ag-0.5-Au-0.125-Zn-0.375,pp0
826,vsp13_240823_Ag-0.538-Au-0.077-Zn-0.385_pp0_rep1,vsp,13,240823,Ag-0.538-Au-0.077-Zn-0.385,pp0
827,vsp13_240823_Ag-0.067-Au-0.533-Zn-0.4_pp0_rep1,vsp,13,240823,Ag-0.067-Au-0.533-Zn-0.4,pp0
828,vsp13_240823_Ag-0.1-Au-0.5-Zn-0.4_pp0_rep1,vsp,13,240823,Ag-0.1-Au-0.5-Zn-0.4,pp0
829,vsp13_240823_Ag-0.2-Au-0.4-Zn-0.4_pp0_rep1,vsp,13,240823,Ag-0.2-Au-0.4-Zn-0.4,pp0
830,vsp13_240823_Ag-0.4-Au-0.2-Zn-0.4_pp0_rep1,vsp,13,240823,Ag-0.4-Au-0.2-Zn-0.4,pp0
831,vsp13_240823_Ag-0.417-Au-0.167-Zn-0.417_pp0_rep1,vsp,13,240823,Ag-0.417-Au-0.167-Zn-0.417,pp0
832,vsp13_240823_Ag-0.5-Au-0.083-Zn-0.417_pp0_rep1,vsp,13,240823,Ag-0.5-Au-0.083-Zn-0.417,pp0
833,vsp13_240823_Ag-0.222-Au-0.333-Zn-0.444_pp0_rep1,vsp,13,240823,Ag-0.222-Au-0.333-Zn-0.444,pp0
834,vsp13_240823_Ag-0.333-Au-0.222-Zn-0.444_pp0_rep1,vsp,13,240823,Ag-0.333-Au-0.222-Zn-0.444,pp0
835,vsp13_240823_Ag-0.444-Au-0.111-Zn-0.444_pp0_rep1,vsp,13,240823,Ag-0.444-Au-0.111-Zn-0.444,pp0
836,vsp13_240823_Ag-0.083-Au-0.417-Zn-0.5_pp0_rep1,vsp,13,240823,Ag-0.083-Au-0.417-Zn-0.5,pp0
837,vsp13_240823_Ag-0.1-Au-0.4-Zn-0.5_pp0_rep1,vsp,13,240823,Ag-0.1-Au-0.4-Zn-0.5,pp0
838,vsp13_240823_Ag-0.25-Au-0.25-Zn-0.5_pp0_rep1,vsp,13,240823,Ag-0.25-Au-0.25-Zn-0.5,pp0
839,vsp13_240823_Ag-0.25-Au-0.25-Zn-0.5_pp0_rep2,vsp,13,240823,Ag-0.25-Au-0.25-Zn-0.5,pp0
840,vsp13_240823_Ag-0.25-Au-0.25-Zn-0.5_pp0_rep3,vsp,13,240823,Ag-0.25-Au-0.25-Zn-0.5,pp0
841,vsp13_240823_Ag-0.333-Au-0.167-Zn-0.5_pp0_rep1,vsp,13,240823,Ag-0.333-Au-0.167-Zn-0.5,pp0
842,vsp13_240823_Ag-0.4-Au-0.1-Zn-0.5_pp0_rep1,vsp,13,240823,Ag-0.4-Au-0.1-Zn-0.5,pp0
843,vsp13_240823_Ag-0.417-Au-0.083-Zn-0.5_pp0_rep1,vsp,13,240823,Ag-0.417-Au-0.083-Zn-0.5,pp0
844,vsp13_240823_Ag-0.2-Au-0.2-Zn-0.6_pp0_rep1,vsp,13,240823,Ag-0.2-Au-0.2-Zn-0.6,pp0
845,vsp13_240823_Ag-0.25-Au-0.125-Zn-0.625_pp0_rep1,vsp,13,240823,Ag-0.25-Au-0.125-Zn-0.625,pp0
846,vsp13_240823_Ag-0.182-Au-0.182-Zn-0.636_pp0_rep1,vsp,13,240823,Ag-0.182-Au-0.182-Zn-0.636,pp0
847,vsp13_240823_Ag-0.111-Au-0.222-Zn-0.667_pp0_rep1,vsp,13,240823,Ag-0.111-Au-0.222-Zn-0.667,pp0
848,vsp13_240823_Ag-0.167-Au-0.167-Zn-0.667_pp0_rep1,vsp,13,240823,Ag-0.167-Au-0.167-Zn-0.667,pp0
849,vsp13_240823_Ag-0.125-Au-0.125-Zn-0.75_pp0_rep1,vsp,13,240823,Ag-0.125-Au-0.125-Zn-0.75,pp0
850,vsp13_240823_Ag-0.125-Au-0.125-Zn-0.75_pp0_rep2,vsp,13,240823,Ag-0.125-Au-0.125-Zn-0.75,pp0
851,vsp13_240823_Ag-0.125-Au-0.125-Zn-0.75_pp0_rep3,vsp,13,240823,Ag-0.125-Au-0.125-Zn-0.75,pp0
852,vsp13_240823_Ag-0.125-Au-0.125-Zn-0.75_pp0_rep4,vsp,13,240823,Ag-0.125-Au-0.125-Zn-0.75,pp0
853,vsp14_240906_Au-0.5-Cu-0.4-Zn-0.1_pp0_rep1,vsp,14,240906,Au-0.5-Cu-0.4-Zn-0.1,pp0
854,vsp14_240906_Au-0.667-Cu-0.222-Zn-0.111_pp0_rep1,vsp,14,240906,Au-0.667-Cu-0.222-Zn-0.111,pp0
855,vsp14_240906_Au-0.125-Cu-0.75-Zn-0.125_pp0_rep1,vsp,14,240906,Au-0.125-Cu-0.75-Zn-0.125,pp0
856,vsp14_240906_Au-0.25-Cu-0.625-Zn-0.125_pp0_rep1,vsp,14,240906,Au-0.25-Cu-0.625-Zn-0.125,pp0
857,vsp14_240906_Au-0.429-Cu-0.429-Zn-0.143_pp0_rep1,vsp,14,240906,Au-0.429-Cu-0.429-Zn-0.143,pp0
858,vsp14_240906_Au-0.571-Cu-0.286-Zn-0.143_pp0_rep1,vsp,14,240906,Au-0.571-Cu-0.286-Zn-0.143,pp0
859,vsp14_240906_Au-0.333-Cu-0.444-Zn-0.222_pp0_rep1,vsp,14,240906,Au-0.333-Cu-0.444-Zn-0.222,pp0
860,vsp14_240906_Au-0.667-Cu-0.111-Zn-0.222_pp0_rep1,vsp,14,240906,Au-0.667-Cu-0.111-Zn-0.222,pp0
861,vsp14_240906_Au-0.5-Cu-0.25-Zn-0.25_pp0_rep1,vsp,14,240906,Au-0.5-Cu-0.25-Zn-0.25,pp0
862,vsp14_240906_Au-0.5-Cu-0.25-Zn-0.25_pp0_rep2,vsp,14,240906,Au-0.5-Cu-0.25-Zn-0.25,pp0
863,vsp14_240906_Au-0.5-Cu-0.25-Zn-0.25_pp0_rep3,vsp,14,240906,Au-0.5-Cu-0.25-Zn-0.25,pp0
864,vsp14_240906_Au-0.25-Cu-0.5-Zn-0.25_pp0_rep1,vsp,14,240906,Au-0.25-Cu-0.5-Zn-0.25,pp0
865,vsp14_240906_Au-0.25-Cu-0.5-Zn-0.25_pp0_rep2,vsp,14,240906,Au-0.25-Cu-0.5-Zn-0.25,pp0
866,vsp14_240906_Au-0.25-Cu-0.5-Zn-0.25_pp0_rep3,vsp,14,240906,Au-0.25-Cu-0.5-Zn-0.25,pp0
867,vsp14_240906_Au-0.375-Cu-0.375-Zn-0.25_pp0_rep1,vsp,14,240906,Au-0.375-Cu-0.375-Zn-0.25,pp0
868,vsp14_240906_Au-0.125-Cu-0.625-Zn-0.25_pp0_rep1,vsp,14,240906,Au-0.125-Cu-0.625-Zn-0.25,pp0
869,vsp14_240906_Au-0.333-Cu-0.333-Zn-0.333_pp0_rep1,vsp,14,240906,Au-0.333-Cu-0.333-Zn-0.333,pp0
870,vsp14_240906_Au-0.364-Cu-0.273-Zn-0.364_pp0_rep1,vsp,14,240906,Au-0.364-Cu-0.273-Zn-0.364,pp0
871,vsp14_240906_Au-0.25-Cu-0.375-Zn-0.375_pp0_rep1,vsp,14,240906,Au-0.25-Cu-0.375-Zn-0.375,pp0
872,vsp14_240906_Au-0.5-Cu-0.125-Zn-0.375_pp0_rep1,vsp,14,240906,Au-0.5-Cu-0.125-Zn-0.375,pp0
873,vsp14_240906_Au-0.2-Cu-0.4-Zn-0.4_pp0_rep1,vsp,14,240906,Au-0.2-Cu-0.4-Zn-0.4,pp0
874,vsp14_240906_Au-0.5-Cu-0.1-Zn-0.4_pp0_rep1,vsp,14,240906,Au-0.5-Cu-0.1-Zn-0.4,pp0
875,vsp14_240906_Au-0.417-Cu-0.167-Zn-0.417_pp0_rep1,vsp,14,240906,Au-0.417-Cu-0.167-Zn-0.417,pp0
876,vsp14_240906_Au-0.167-Cu-0.417-Zn-0.417_pp0_rep1,vsp,14,240906,Au-0.167-Cu-0.417-Zn-0.417,pp0
877,vsp14_240906_Au-0.444-Cu-0.111-Zn-0.444_pp0_rep1,vsp,14,240906,Au-0.444-Cu-0.111-Zn-0.444,pp0
878,vsp14_240906_Au-0.222-Cu-0.333-Zn-0.444_pp0_rep1,vsp,14,240906,Au-0.222-Cu-0.333-Zn-0.444,pp0
879,vsp14_240906_Au-0.111-Cu-0.444-Zn-0.444_pp0_rep1,vsp,14,240906,Au-0.111-Cu-0.444-Zn-0.444,pp0
880,vsp14_240906_Au-0.25-Cu-0.25-Zn-0.5_pp0_rep1,vsp,14,240906,Au-0.25-Cu-0.25-Zn-0.5,pp0
881,vsp14_240906_Au-0.25-Cu-0.25-Zn-0.5_pp0_rep2,vsp,14,240906,Au-0.25-Cu-0.25-Zn-0.5,pp0
882,vsp14_240906_Au-0.25-Cu-0.25-Zn-0.5_pp0_rep3,vsp,14,240906,Au-0.25-Cu-0.25-Zn-0.5,pp0
883,vsp14_240906_Au-0.4-Cu-0.1-Zn-0.5_pp0_rep1,vsp,14,240906,Au-0.4-Cu-0.1-Zn-0.5,pp0
884,vsp15_240809_Au-0.75-In-0.125-Pd-0.125_pp0_rep1,vsp,15,240809,Au-0.75-In-0.125-Pd-0.125,pp0
885,vsp15_240809_Au-0.75-In-0.125-Pd-0.125_pp0_rep2,vsp,15,240809,Au-0.75-In-0.125-Pd-0.125,pp0
886,vsp15_240809_Au-0.75-In-0.125-Pd-0.125_pp0_rep3,vsp,15,240809,Au-0.75-In-0.125-Pd-0.125,pp0
887,vsp15_240809_Au-0.667-In-0.222-Pd-0.111_pp0_rep1,vsp,15,240809,Au-0.667-In-0.222-Pd-0.111,pp0
888,vsp15_240809_Au-0.625-In-0.125-Pd-0.25_pp0_rep1,vsp,15,240809,Au-0.625-In-0.125-Pd-0.25,pp0
889,vsp15_240809_Au-0.5-In-0.083-Pd-0.417_pp0_rep1,vsp,15,240809,Au-0.5-In-0.083-Pd-0.417,pp0
890,vsp15_240809_Au-0.5-In-0.25-Pd-0.25_pp0_rep1,vsp,15,240809,Au-0.5-In-0.25-Pd-0.25,pp0
891,vsp15_240809_Au-0.5-In-0.25-Pd-0.25_pp0_rep2,vsp,15,240809,Au-0.5-In-0.25-Pd-0.25,pp0
892,vsp15_240809_Au-0.5-In-0.25-Pd-0.25_pp0_rep3,vsp,15,240809,Au-0.5-In-0.25-Pd-0.25,pp0
893,vsp15_240809_Au-0.444-In-0.111-Pd-0.444_pp0_rep1,vsp,15,240809,Au-0.444-In-0.111-Pd-0.444,pp0
894,vsp15_240809_Au-0.429-In-0.286-Pd-0.286_pp0_rep1,vsp,15,240809,Au-0.429-In-0.286-Pd-0.286,pp0
895,vsp15_240809_Au-0.417-In-0.167-Pd-0.417_pp0_rep1,vsp,15,240809,Au-0.417-In-0.167-Pd-0.417,pp0
896,vsp15_240809_Au-0.375-In-0.25-Pd-0.375_pp0_rep1,vsp,15,240809,Au-0.375-In-0.25-Pd-0.375,pp0
897,vsp15_240809_Au-0.375-In-0.25-Pd-0.375_pp0_rep2,vsp,15,240809,Au-0.375-In-0.25-Pd-0.375,pp0
898,vsp15_240809_Au-0.375-In-0.25-Pd-0.375_pp0_rep3,vsp,15,240809,Au-0.375-In-0.25-Pd-0.375,pp0
899,vsp15_240809_Au-0.375-In-0.375-Pd-0.25_pp0_rep1,vsp,15,240809,Au-0.375-In-0.375-Pd-0.25,pp0
900,vsp15_240809_Au-0.333-In-0.333-Pd-0.333_pp0_rep1,vsp,15,240809,Au-0.333-In-0.333-Pd-0.333,pp0
901,vsp15_240809_Au-0.333-In-0.333-Pd-0.333_pp0_rep2,vsp,15,240809,Au-0.333-In-0.333-Pd-0.333,pp0
902,vsp15_240809_Au-0.333-In-0.333-Pd-0.333_pp0_rep3,vsp,15,240809,Au-0.333-In-0.333-Pd-0.333,pp0
903,vsp15_240809_Au-0.273-In-0.364-Pd-0.364_pp0_rep1,vsp,15,240809,Au-0.273-In-0.364-Pd-0.364,pp0
904,vsp15_240809_Au-0.25-In-0.25-Pd-0.5_pp0_rep1,vsp,15,240809,Au-0.25-In-0.25-Pd-0.5,pp0
905,vsp15_240809_Au-0.25-In-0.25-Pd-0.5_pp0_rep2,vsp,15,240809,Au-0.25-In-0.25-Pd-0.5,pp0
906,vsp15_240809_Au-0.25-In-0.25-Pd-0.5_pp0_rep3,vsp,15,240809,Au-0.25-In-0.25-Pd-0.5,pp0
907,vsp15_240809_Au-0.2-In-0.4-Pd-0.4_pp0_rep1,vsp,15,240809,Au-0.2-In-0.4-Pd-0.4,pp0
908,vsp15_240809_Au-0.167-In-0.167-Pd-0.667_pp0_rep1,vsp,15,240809,Au-0.167-In-0.167-Pd-0.667,pp0
909,vsp15_240809_Au-0.167-In-0.167-Pd-0.667_pp0_rep2,vsp,15,240809,Au-0.167-In-0.167-Pd-0.667,pp0
910,vsp15_240809_Au-0.167-In-0.167-Pd-0.667_pp0_rep3,vsp,15,240809,Au-0.167-In-0.167-Pd-0.667,pp0
911,vsp15_240809_Au-0.143-In-0.571-Pd-0.286_pp0_rep1,vsp,15,240809,Au-0.143-In-0.571-Pd-0.286,pp0
912,vsp15_240809_Au-0.125-In-0.25-Pd-0.625_pp0_rep1,vsp,15,240809,Au-0.125-In-0.25-Pd-0.625,pp0
913,vsp15_240809_Au-0.125-In-0.25-Pd-0.625_pp0_rep2,vsp,15,240809,Au-0.125-In-0.25-Pd-0.625,pp0
914,vsp15_240809_Au-0.125-In-0.25-Pd-0.625_pp0_rep3,vsp,15,240809,Au-0.125-In-0.25-Pd-0.625,pp0
915,vsp15_240809_Au-0.111-In-0.333-Pd-0.556_pp0_rep1,vsp,15,240809,Au-0.111-In-0.333-Pd-0.556,pp0
916,vsp15_240809_Au-0.1-In-0.4-Pd-0.5_pp0_rep1,vsp,15,240809,Au-0.1-In-0.4-Pd-0.5,pp0
917,vsp15_240809_Au-0.091-In-0.182-Pd-0.727_pp0_rep1,vsp,15,240809,Au-0.091-In-0.182-Pd-0.727,pp0
918,vsp23_241025_Ag-0.143-Ga-0.857_pp0_rep1,vsp,23,241025,Ag-0.143-Ga-0.857,pp0
919,vsp23_241025_Ag-0.143-Ga-0.857_pp0_rep2,vsp,23,241025,Ag-0.143-Ga-0.857,pp0
920,vsp23_241025_Ag-0.143-Ga-0.857_pp0_rep3,vsp,23,241025,Ag-0.143-Ga-0.857,pp0
921,vsp23_241025_Ag-0.167-Ga-0.833_pp0_rep1,vsp,23,241025,Ag-0.167-Ga-0.833,pp0
922,vsp23_241025_Ag-0.2-Ga-0.8_pp0_rep1,vsp,23,241025,Ag-0.2-Ga-0.8,pp0
923,vsp23_241025_Ag-0.25-Ga-0.75_pp0_rep1,vsp,23,241025,Ag-0.25-Ga-0.75,pp0
924,vsp23_241025_Ag-0.25-Ga-0.75_pp0_rep2,vsp,23,241025,Ag-0.25-Ga-0.75,pp0
925,vsp23_241025_Ag-0.25-Ga-0.75_pp0_rep3,vsp,23,241025,Ag-0.25-Ga-0.75,pp0
926,vsp23_241025_Ag-0.3-Ga-0.7_pp0_rep1,vsp,23,241025,Ag-0.3-Ga-0.7,pp0
927,vsp23_241025_Ag-0.333-Ga-0.667_pp0_rep1,vsp,23,241025,Ag-0.333-Ga-0.667,pp0
928,vsp23_241025_Ag-0.5-Ga-0.5_pp0_rep1,vsp,23,241025,Ag-0.5-Ga-0.5,pp0
929,vsp23_241025_Ag-0.5-Ga-0.5_pp0_rep2,vsp,23,241025,Ag-0.5-Ga-0.5,pp0
930,vsp23_241025_Ag-0.5-Ga-0.5_pp0_rep3,vsp,23,241025,Ag-0.5-Ga-0.5,pp0
931,vsp23_241025_Ag-0.556-Ga-0.444_pp0_rep1,vsp,23,241025,Ag-0.556-Ga-0.444,pp0
932,vsp23_241025_Ag-0.583-Ga-0.417_pp0_rep1,vsp,23,241025,Ag-0.583-Ga-0.417,pp0
933,vsp23_241025_Ag-0.625-Ga-0.375_pp0_rep1,vsp,23,241025,Ag-0.625-Ga-0.375,pp0
934,vsp23_241025_Ag-0.667-Ga-0.333_pp0_rep1,vsp,23,241025,Ag-0.667-Ga-0.333,pp0
935,vsp23_241025_Ag-0.7-Ga-0.3_pp0_rep1,vsp,23,241025,Ag-0.7-Ga-0.3,pp0
936,vsp23_241025_Ag-0.714-Ga-0.286_pp0_rep1,vsp,23,241025,Ag-0.714-Ga-0.286,pp0
937,vsp23_241025_Ag-0.722-Ga-0.278_pp0_rep1,vsp,23,241025,Ag-0.722-Ga-0.278,pp0
938,vsp23_241025_Ag-0.75-Ga-0.25_pp0_rep1,vsp,23,241025,Ag-0.75-Ga-0.25,pp0
939,vsp23_241025_Ag-0.75-Ga-0.25_pp0_rep2,vsp,23,241025,Ag-0.75-Ga-0.25,pp0
940,vsp23_241025_Ag-0.75-Ga-0.25_pp0_rep3,vsp,23,241025,Ag-0.75-Ga-0.25,pp0
941,vsp23_241025_Ag-0.8-Ga-0.2_pp0_rep1,vsp,23,241025,Ag-0.8-Ga-0.2,pp0
942,vsp23_241025_Ag-0.833-Ga-0.167_pp0_rep1,vsp,23,241025,Ag-0.833-Ga-0.167,pp0
943,vsp23_241025_Ag-0.875-Ga-0.125_pp0_rep1,vsp,23,241025,Ag-0.875-Ga-0.125,pp0
944,vsp23_241025_Ag-0.875-Ga-0.125_pp0_rep2,vsp,23,241025,Ag-0.875-Ga-0.125,pp0
945,vsp23_241025_Ag-0.875-Ga-0.125_pp0_rep3,vsp,23,241025,Ag-0.875-Ga-0.125,pp0
946,vsp23_241025_Ag-0.889-Ga-0.111_pp0_rep1,vsp,23,241025,Ag-0.889-Ga-0.111,pp0
947,vsp23_241025_Ag-0.667-Ga-0.333_pp0_rep2,vsp,23,241025,Ag-0.667-Ga-0.333,pp0
948,vsp23_241025_Ag-0.667-Ga-0.333_pp0_rep3,vsp,23,241025,Ag-0.667-Ga-0.333,pp0
949,vsp23_241025_Ag-0.667-Ga-0.333_pp0_rep4,vsp,23,241025,Ag-0.667-Ga-0.333,pp0
950,vsp23_241025_Ag-0.722-Ga-0.278_pp0_rep2,vsp,23,241025,Ag-0.722-Ga-0.278,pp0
951,vsp23_241025_Ag-0.722-Ga-0.278_pp0_rep3,vsp,23,241025,Ag-0.722-Ga-0.278,pp0
952,vsp23_241025_Ag-0.722-Ga-0.278_pp0_rep4,vsp,23,241025,Ag-0.722-Ga-0.278,pp0
953,vsp26_241004_Au-0.333-Ga-0.667_pp0_rep1,vsp,26,241004,Au-0.333-Ga-0.667,pp0
954,vsp26_241004_Au-0.333-Ga-0.667_pp0_rep2,vsp,26,241004,Au-0.333-Ga-0.667,pp0
955,vsp26_241004_Au-0.333-Ga-0.667_pp0_rep3,vsp,26,241004,Au-0.333-Ga-0.667,pp0
956,vsp26_241004_Au-0.5-Ga-0.5_pp0_rep1,vsp,26,241004,Au-0.5-Ga-0.5,pp0
957,vsp26_241004_Au-0.5-Ga-0.5_pp0_rep2,vsp,26,241004,Au-0.5-Ga-0.5,pp0
958,vsp26_241004_Au-0.5-Ga-0.5_pp0_rep3,vsp,26,241004,Au-0.5-Ga-0.5,pp0
959,vsp26_241004_Au-0.571-Ga-0.429_pp0_rep1,vsp,26,241004,Au-0.571-Ga-0.429,pp0
960,vsp26_241004_Au-0.6-Ga-0.4_pp0_rep1,vsp,26,241004,Au-0.6-Ga-0.4,pp0
961,vsp26_241004_Au-0.6-Ga-0.4_pp0_rep2,vsp,26,241004,Au-0.6-Ga-0.4,pp0
962,vsp26_241004_Au-0.6-Ga-0.4_pp0_rep3,vsp,26,241004,Au-0.6-Ga-0.4,pp0
963,vsp26_241004_Au-0.667-Ga-0.333_pp0_rep1,vsp,26,241004,Au-0.667-Ga-0.333,pp0
964,vsp26_241004_Au-0.667-Ga-0.333_pp0_rep2,vsp,26,241004,Au-0.667-Ga-0.333,pp0
965,vsp26_241004_Au-0.667-Ga-0.333_pp0_rep3,vsp,26,241004,Au-0.667-Ga-0.333,pp0
966,vsp26_241004_Au-0.75-Ga-0.25_pp0_rep1,vsp,26,241004,Au-0.75-Ga-0.25,pp0
967,vsp26_241004_Au-0.75-Ga-0.25_pp0_rep2,vsp,26,241004,Au-0.75-Ga-0.25,pp0
968,vsp26_241004_Au-0.75-Ga-0.25_pp0_rep3,vsp,26,241004,Au-0.75-Ga-0.25,pp0
969,vsp26_241004_Au-0.778-Ga-0.222_pp0_rep1,vsp,26,241004,Au-0.778-Ga-0.222,pp0
970,vsp26_241004_Au-0.778-Ga-0.222_pp0_rep2,vsp,26,241004,Au-0.778-Ga-0.222,pp0
971,vsp26_241004_Au-0.778-Ga-0.222_pp0_rep3,vsp,26,241004,Au-0.778-Ga-0.222,pp0
972,vsp26_241004_Au-0.8-Ga-0.2_pp0_rep1,vsp,26,241004,Au-0.8-Ga-0.2,pp0
973,vsp26_241004_Au-0.833-Ga-0.167_pp0_rep1,vsp,26,241004,Au-0.833-Ga-0.167,pp0
974,vsp26_241004_Au-0.875-Ga-0.125_pp0_rep1,vsp,26,241004,Au-0.875-Ga-0.125,pp0
975,vsp26_241004_Au-0.889-Ga-0.111_pp0_rep1,vsp,26,241004,Au-0.889-Ga-0.111,pp0
976,vsp26_241004_Au-0.889-Ga-0.111_pp0_rep2,vsp,26,241004,Au-0.889-Ga-0.111,pp0
977,vsp26_241004_Au-0.889-Ga-0.111_pp0_rep3,vsp,26,241004,Au-0.889-Ga-0.111,pp0
