sample id,source,batch number,batch date,rod1,rod2,rod3,rod1 diameter (mm),rod2 diameter (mm),rod3 diameter (mm),voltage1 (kV),current1 (mA),voltage2 (kV),curren2 (mA),voltage3 (kV),current3 (mA),speed (um/s),wafer spot,,
vsp1_240503_Ag-1.0_pp0_rep1,vsp,1,240503,Ag,Au,,3,2,,1.30,10.00,,,,,270,1,,
vsp1_240503_Ag-0.111-Au-0.889_pp0_rep1,vsp,1,240503,Ag,Au,,3,2,,1.30,4.62,1.30,10.00,,,1980,2,,
vsp1_240503_Ag-0.167-Au-0.833_pp0_rep1,vsp,1,240503,Ag,Au,,3,2,,1.30,7.41,1.30,10.00,,,2060,3,,
vsp1_240503_Ag-0.188-Au-0.812_pp0_rep1,vsp,1,240503,Ag,Au,,3,2,,1.30,8.56,1.30,10.00,,,2090,4,,
vsp1_240503_Ag-0.222-Au-0.778_pp0_rep1,vsp,1,240503,Ag,Au,,3,2,,1.30,10.00,1.30,9.48,,,2030,5,,
vsp1_240503_Ag-0.25-Au-0.75_pp0_rep1,vsp,1,240503,Ag,Au,,3,2,,1.30,10.00,1.30,8.11,,,1780,6,,
vsp1_240503_Ag-0.286-Au-0.714_pp0_rep1,vsp,1,240503,Ag,Au,,3,2,,1.30,10.00,1.30,6.75,,,1530,7,,
vsp1_240503_Ag-0.2-Au-0.8_pp0_rep1,vsp,1,240503,Ag,Au,,3,2,,1.30,9.24,1.30,10.00,,,2110,8,,
vsp1_240503_Ag-0.333-Au-0.667_pp0_rep1,vsp,1,240503,Ag,Au,,3,2,,1.30,10.00,1.30,5.42,,,1280,9,,
vsp1_240503_Ag-0.375-Au-0.625_pp0_rep1,vsp,1,240503,Ag,Au,,3,2,,1.30,10.00,1.30,4.51,,,1110,10,,
vsp1_240503_Ag-0.417-Au-0.583_pp0_rep1,vsp,1,240503,Ag,Au,,3,2,,1.30,10.00,1.30,3.78,,,980,11,,
vsp1_240503_Ag-0.429-Au-0.571_pp0_rep1,vsp,1,240503,Ag,Au,,3,2,,1.30,10.00,1.30,3.60,,,940,12,,
vsp1_240503_Ag-0.444-Au-0.556_pp0_rep1,vsp,1,240503,Ag,Au,,3,2,,1.30,10.00,1.30,3.39,,,900,13,,
vsp1_240503_Ag-0.4-Au-0.6_pp0_rep1,vsp,1,240503,Ag,Au,,3,2,,1.30,10.00,1.30,4.06,,,1030,14,,
vsp1_240503_Ag-0.556-Au-0.444_pp0_rep1,vsp,1,240503,Ag,Au,,3,2,,1.30,10.00,1.30,2.16,,,680,15,,
vsp1_240503_Ag-0.583-Au-0.417_pp0_rep1,vsp,1,240503,Ag,Au,,3,2,,1.30,10.00,1.30,1.93,,,630,16,,
vsp1_240503_Ag-0.5-Au-0.5_pp0_rep1,vsp,1,240503,Ag,Au,,3,2,,1.30,10.00,1.30,2.70,,,780,17,,
vsp1_240503_Ag-0.615-Au-0.385_pp0_rep1,vsp,1,240503,Ag,Au,,3,2,,1.30,10.00,1.30,1.69,,,590,18,,
vsp1_240503_Ag-0.625-Au-0.375_pp0_rep1,vsp,1,240503,Ag,Au,,3,2,,1.30,10.00,1.30,1.62,,,580,19,,
vsp1_240503_Ag-0.667-Au-0.333_pp0_rep1,vsp,1,240503,Ag,Au,,3,2,,1.30,10.00,1.30,1.35,,,530,20,,
vsp1_240503_Ag-0.6-Au-0.4_pp0_rep1,vsp,1,240503,Ag,Au,,3,2,,1.30,10.00,1.30,1.80,,,610,21,,
vsp1_240503_Ag-0.714-Au-0.286_pp0_rep1,vsp,1,240503,Ag,Au,,3,2,,1.30,10.00,1.30,1.08,,,480,22,,
vsp1_240503_Ag-0.75-Au-0.25_pp0_rep1,vsp,1,240503,Ag,Au,,3,2,,1.30,10.00,1.30,0.90,,,440,23,,
vsp1_240503_Ag-0.778-Au-0.222_pp0_rep1,vsp,1,240503,Ag,Au,,3,2,,1.30,10.00,1.30,0.77,,,420,24,,
vsp1_240503_Ag-0.7-Au-0.3_pp0_rep1,vsp,1,240503,Ag,Au,,3,2,,1.30,10.00,1.30,1.16,,,490,25,,
vsp2_240718_In-1.0_pp0_rep1,vsp,2,240718,Au,In,,2,6,,,1.3,10,,,,1110,1,,
vsp2_240718_Au-1.0_pp0_rep1,vsp,2,240718,Au,In,,2,6,,1.30,10.00,,,,,3710,2,,
vsp2_240718_Au-0.889-In-0.111_pp0_rep1,vsp,2,240718,Au,In,,2,6,,2.30,10.00,1.3,2.41,,,3980,3,,
vsp2_240718_Au-0.889-In-0.111_pp0_rep3,vsp,2,240718,Au,In,,2,6,,1.30,10.00,1.3,2.41,,,3980,4,,
vsp2_240718_Au-0.875-In-0.125_pp0_rep1,vsp,2,240718,Au,In,,2,6,,1.30,10.00,1.3,2.78,,,4020,5,,
vsp2_240718_Au-0.833-In-0.167_pp0_rep1,vsp,2,240718,Au,In,,2,6,,1.30,10.00,1.3,3.99,,,4150,6,,
vsp2_240718_Au-0.8-In-0.2_pp0_rep1,vsp,2,240718,Au,In,,2,6,,1.30,10.00,1.3,4.87,,,4250,7,,
vsp2_240718_Au-0.769-In-0.231_pp0_rep1,vsp,2,240718,Au,In,,2,6,,1.30,10.00,1.3,5.82,,,4360,8,,
vsp2_240718_Au-0.75-In-0.25_pp0_rep1,vsp,2,240718,Au,In,,2,6,,1.30,10.00,1.3,6.49,,,4430,9,,
vsp2_240718_Au-0.75-In-0.25_pp0_rep3,vsp,2,240718,Au,In,,2,6,,1.30,10.00,1.3,6.49,,,4430,10,,
vsp2_240718_Au-0.75-In-0.25_pp0_rep5,vsp,2,240718,Au,In,,2,6,,1.30,10.00,1.3,6.49,,,4430,11,,
vsp2_240718_Au-0.714-In-0.286_pp0_rep1,vsp,2,240718,Au,In,,2,6,,1.30,10.00,1.3,7.96,,,4600,12,,
vsp2_240718_Au-0.7-In-0.3_pp0_rep1,vsp,2,240718,Au,In,,2,6,,1.30,10.00,1.3,8.35,,,4640,13,,
vsp2_240718_Au-0.667-In-0.333_pp0_rep1,vsp,2,240718,Au,In,,2,6,,1.30,10.00,1.3,9.59,,,4780,14,,
vsp2_240718_Au-0.625-In-0.375_pp0_rep1,vsp,2,240718,Au,In,,2,6,,1.30,8.56,1.3,10.00,,,4290,15,,
vsp2_240718_Au-0.6-In-0.4_pp0_rep1,vsp,2,240718,Au,In,,2,6,,1.30,7.70,1.3,10.00,,,3970,16,,
vsp2_240718_Au-0.5-In-0.5_pp0_rep1,vsp,2,240718,Au,In,,2,6,,1.30,5.13,1.3,10.00,,,3020,17,,
vsp2_240718_Au-0.5-In-0.5_pp0_rep3,vsp,2,240718,Au,In,,2,6,,1.30,5.13,1.3,10.00,,,3020,18,,
vsp2_240718_Au-0.5-In-0.5_pp0_rep5,vsp,2,240718,Au,In,,2,6,,1.30,5.13,1.3,10.00,,,3020,19,,
vsp2_240718_Au-0.429-In-0.571_pp0_rep1,vsp,2,240718,Au,In,,2,6,,1.30,3.87,1.3,10.00,,,2550,20,,
vsp2_240718_Au-0.4-In-0.6_pp0_rep1,vsp,2,240718,Au,In,,2,6,,1.30,3.42,1.3,10.00,,,2380,21,,
vsp2_240718_Au-0.333-In-0.667_pp0_rep1,vsp,2,240718,Au,In,,2,6,,1.30,2.53,1.3,10.00,,,2050,22,,
vsp2_240718_Au-0.333-In-0.667_pp0_rep3,vsp,2,240718,Au,In,,2,6,,1.30,2.53,1.3,10.00,,,2050,23,,
vsp2_240718_Au-0.333-In-0.667_pp0_rep5,vsp,2,240718,Au,In,,2,6,,1.30,2.53,1.3,10.00,,,2050,24,,
vsp2_240718_Au-0.2-In-0.8_pp0_rep1,vsp,2,240718,Au,In,,2,6,,1.30,1.28,1.3,10.00,,,1590,25,,
vsp3_240718_Au-0.111-Cu-0.889_pp0_rep1,vsp,3,240718,Au,Cu,,2,2,,0.5,0.7,1.3,10,,,370,1,,
vsp3_240718_Au-0.125-Cu-0.875_pp0_rep1,vsp,3,240718,Au,Cu,,2,2,,0.5,0.8,1.3,10,,,380,2,,
vsp3_240718_Au-0.25-Cu-0.75_pp0_rep1,vsp,3,240718,Au,Cu,,2,2,,0.5,1.9,1.3,10,,,540,3,,
vsp3_240718_Au-0.333-Cu-0.667_pp0_rep1,vsp,3,240718,Au,Cu,,2,2,,1.3,1.1,1.3,10,,,670,4,,
vsp3_240718_Au-0.333-Cu-0.667_pp0_rep2,vsp,3,240718,Au,Cu,,2,2,,1.3,1.1,1.3,10,,,670,5,,
vsp3_240718_Au-0.333-Cu-0.667_pp0_rep3,vsp,3,240718,Au,Cu,,2,2,,1.3,1.1,1.3,10,,,670,6,,
vsp3_240718_Au-0.375-Cu-0.625_pp0_rep1,vsp,3,240718,Au,Cu,,2,2,,1.3,1.3,1.3,10,,,760,7,,
vsp3_240718_Au-0.4-Cu-0.6_pp0_rep1,vsp,3,240718,Au,Cu,,2,2,,1.3,1.5,1.3,10,,,810,8,,
vsp3_240718_Au-0.429-Cu-0.571_pp0_rep1,vsp,3,240718,Au,Cu,,2,2,,1.3,1.7,1.3,10,,,880,9,,
vsp3_240718_Au-0.5-Cu-0.5_pp0_rep1,vsp,3,240718,Au,Cu,,2,2,,1.3,2.2,1.3,10,,,1080,10,,
vsp3_240718_Au-0.556-Cu-0.444_pp0_rep1,vsp,3,240718,Au,Cu,,2,2,,1.3,2.8,1.3,10,,,1290,11,,
vsp3_240718_Au-0.571-Cu-0.429_pp0_rep1,vsp,3,240718,Au,Cu,,2,2,,1.3,2.9,1.3,10,,,1350,12,,
vsp3_240718_Au-0.6-Cu-0.4_pp0_rep1,vsp,3,240718,Au,Cu,,2,2,,1.3,3.3,1.3,10,,,1490,13,,
vsp3_240718_Au-0.625-Cu-0.375_pp0_rep1,vsp,3,240718,Au,Cu,,2,2,,1.3,3.7,1.3,10,,,1630,14,,
vsp3_240718_Au-0.667-Cu-0.333_pp0_rep1,vsp,3,240718,Au,Cu,,2,2,,1.3,4.4,1.3,10,,,1910,15,,
vsp3_240718_Au-0.667-Cu-0.333_pp0_rep2,vsp,3,240718,Au,Cu,,2,2,,1.3,4.4,1.3,10,,,1910,16,,
vsp3_240718_Au-0.667-Cu-0.333_pp0_rep3,vsp,3,240718,Au,Cu,,2,2,,1.3,4.4,1.3,10,,,1910,17,,
vsp3_240718_Au-0.75-Cu-0.25_pp0_rep1,vsp,3,240718,Au,Cu,,2,2,,1.3,6.6,1.3,10,,,2720,18,,
vsp3_240718_Au-0.8-Cu-0.2_pp0_rep1,vsp,3,240718,Au,Cu,,2,2,,1.3,8.8,1.3,10,,,3540,19,,
vsp3_240718_Au-0.833-Cu-0.167_pp0_rep1,vsp,3,240718,Au,Cu,,2,2,,1.3,10,1.3,9.1,,,3950,20,,
vsp3_240718_Au-0.875-Cu-0.125_pp0_rep1,vsp,3,240718,Au,Cu,,2,2,,1.3,10,1.3,6.5,,,3880,21,,
vsp3_240718_Au-0.889-Cu-0.111_pp0_rep1,vsp,3,240718,Au,Cu,,2,2,,1.3,10,1.3,5.7,,,3860,22,,
vsp3_240718_Au-1.0_pp0_rep1,vsp,3,240718,Au,Cu,,2,2,,1.3,10,,,,,3710,23,,
vsp3_240718_Cu-1.0_pp0_rep1,vsp,3,240718,Au,Cu,,2,2,,,,1.3,10,,,260,24,,
vsp4_240726_Pd-1.0_pp0_rep1,vsp,4,240726,Pd,Sn,,3,6,,1.30,10.00,,,,,1660,1,,
vsp4_240726_Pd-0.2-Sn-0.8_pp0_rep1,vsp,4,240726,Pd,Sn,,3,6,,1.30,6.73,1.30,10.00,,,6090,2,,
vsp4_240726_Pd-0.25-Sn-0.75_pp0_rep1,vsp,4,240726,Pd,Sn,,3,6,,1.30,8.97,1.30,10.00,,,6470,3,,
vsp4_240726_Pd-0.25-Sn-0.75_pp0_rep2,vsp,4,240726,Pd,Sn,,3,6,,1.30,8.97,1.30,10.00,,,6470,4,,
vsp4_240726_Pd-0.25-Sn-0.75_pp0_rep3,vsp,4,240726,Pd,Sn,,3,6,,1.30,8.97,1.30,10.00,,,6470,5,,
vsp4_240726_Pd-0.333-Sn-0.667_pp0_rep1,vsp,4,240726,Pd,Sn,,3,6,,1.30,10.00,1.30,7.54,,,5410,6,,
vsp4_240726_Pd-0.4-Sn-0.6_pp0_rep1,vsp,4,240726,Pd,Sn,,3,6,,1.30,10.00,1.30,5.57,,,4430,7,,
vsp4_240726_Pd-0.47-Sn-0.53_pp0_rep1,vsp,4,240726,Pd,Sn,,3,6,,1.30,10.00,1.30,4.19,,,3740,8,,
vsp4_240726_Pd-0.5-Sn-0.5_pp0_rep1,vsp,4,240726,Pd,Sn,,3,6,,1.30,10.00,1.30,3.71,,,3510,9,,
vsp4_240726_Pd-0.5-Sn-0.5_pp0_rep2,vsp,4,240726,Pd,Sn,,3,6,,1.30,10.00,1.30,3.71,,,3510,10,,
vsp4_240726_Pd-0.5-Sn-0.5_pp0_rep3,vsp,4,240726,Pd,Sn,,3,6,,1.30,10.00,1.30,3.71,,,3510,11,,
vsp4_240726_Pd-0.54-Sn-0.46_pp0_rep1,vsp,4,240726,Pd,Sn,,3,6,,1.30,10.00,1.30,3.16,,,3230,12,,
vsp4_240726_Pd-0.58-Sn-0.42_pp0_rep1,vsp,4,240726,Pd,Sn,,3,6,,1.30,10.00,1.30,2.69,,,3000,13,,
vsp4_240726_Pd-0.62-Sn-0.38_pp0_rep1,vsp,4,240726,Pd,Sn,,3,6,,1.30,10.00,1.30,2.28,,,2790,14,,
vsp4_240726_Pd-0.667-Sn-0.333_pp0_rep1,vsp,4,240726,Pd,Sn,,3,6,,1.30,10.00,1.30,1.83,,,2570,15,,
vsp4_240726_Pd-0.7-Sn-0.3_pp0_rep1,vsp,4,240726,Pd,Sn,,3,6,,1.30,10.00,1.30,1.59,,,2450,16,,
vsp4_240726_Pd-0.75-Sn-0.25_pp0_rep1,vsp,4,240726,Pd,Sn,,3,6,,1.30,10.00,1.30,1.24,,,2270,17,,
vsp4_240726_Pd-0.75-Sn-0.25_pp0_rep2,vsp,4,240726,Pd,Sn,,3,6,,1.30,10.00,1.30,1.24,,,2270,18,,
vsp4_240726_Pd-0.75-Sn-0.25_pp0_rep3,vsp,4,240726,Pd,Sn,,3,6,,1.30,10.00,1.30,1.24,,,2270,19,,
vsp4_240726_Pd-0.833-Sn-0.167_pp0_rep1,vsp,4,240726,Pd,Sn,,3,6,,1.30,10.00,1.30,0.76,,,2040,20,,
vsp4_240726_Pd-0.867-Sn-0.133_pp0_rep1,vsp,4,240726,Pd,Sn,,3,6,,1.30,10.00,1.30,0.56,,,1930,21,,
vsp4_240726_Pd-0.889-Sn-0.111_pp0_rep1,vsp,4,240726,Pd,Sn,,3,6,,1.30,10.00,1.30,0.46,,,1890,22,,
vsp4_240726_Pd-0.889-Sn-0.111_pp0_rep2,vsp,4,240726,Pd,Sn,,3,6,,1.30,10.00,1.30,0.46,,,1890,23,,
vsp4_240726_Pd-0.889-Sn-0.111_pp0_rep3,vsp,4,240726,Pd,Sn,,3,6,,1.30,10.00,1.30,0.46,,,1890,24,,
vsp4_240726_Sn-1.0_pp0_rep1,vsp,4,240726,Pd,Sn,,3,6,,,,1.30,10.00,,,4980,25,,
vsp5_241011_Ag-1.0_pp0_rep1,vsp,5,241011,Ag,Pd,,3,3,,1.30,10.00,0.00,0.00,,,690,1,,
vsp5_241011_Ag-0.889-Pd-0.111_pp0_rep1,vsp,5,241011,Ag,Pd,,3,3,,1.30,10.00,0.50,1.32,,,770,2,,
vsp5_241011_Ag-0.833-Pd-0.167_pp0_rep1,vsp,5,241011,Ag,Pd,,3,3,,1.30,10.00,0.50,2.19,,,830,3,,
vsp5_241011_Ag-0.778-Pd-0.222_pp0_rep1,vsp,5,241011,Ag,Pd,,3,3,,1.30,10.00,1.30,1.16,,,880,4,,
vsp5_241011_Ag-0.75-Pd-0.25_pp0_rep1,vsp,5,241011,Ag,Pd,,3,3,,1.30,10.00,1.30,1.37,,,920,5,,
vsp5_241011_Ag-0.75-Pd-0.25_pp0_rep2,vsp,5,241011,Ag,Pd,,3,3,,1.30,10.00,1.30,1.37,,,920,6,,
vsp5_241011_Ag-0.75-Pd-0.25_pp0_rep3,vsp,5,241011,Ag,Pd,,3,3,,1.30,10.00,1.30,1.37,,,920,7,,
vsp5_241011_Ag-0.667-Pd-0.333_pp0_rep1,vsp,5,241011,Ag,Pd,,3,3,,1.30,10.00,1.30,2.02,,,1030,8,,
vsp5_241011_Ag-0.625-Pd-0.375_pp0_rep1,vsp,5,241011,Ag,Pd,,3,3,,1.30,10.00,1.30,2.46,,,1100,9,,
vsp5_241011_Ag-0.583-Pd-0.417_pp0_rep1,vsp,5,241011,Ag,Pd,,3,3,,1.30,10.00,1.30,2.97,,,1180,10,,
vsp5_241011_Ag-0.5-Pd-0.5_pp0_rep1,vsp,5,241011,Ag,Pd,,3,3,,1.30,10.00,1.30,4.11,,,1370,11,,
vsp5_241011_Ag-0.5-Pd-0.5_pp0_rep2,vsp,5,241011,Ag,Pd,,3,3,,1.30,10.00,1.30,4.11,,,1370,12,,
vsp5_241011_Ag-0.5-Pd-0.5_pp0_rep3,vsp,5,241011,Ag,Pd,,3,3,,1.30,10.00,1.30,4.11,,,1370,13,,
vsp5_241011_Ag-0.429-Pd-0.571_pp0_rep1,vsp,5,241011,Ag,Pd,,3,3,,1.30,10.00,1.30,5.44,,,1590,14,,
vsp5_241011_Ag-0.4-Pd-0.6_pp0_rep1,vsp,5,241011,Ag,Pd,,3,3,,1.30,10.00,1.30,6.16,,,1710,15,,
vsp5_241011_Ag-0.333-Pd-0.667_pp0_rep1,vsp,5,241011,Ag,Pd,,3,3,,1.30,10.00,1.30,8.34,,,2070,16,,
vsp5_241011_Ag-0.3-Pd-0.7_pp0_rep1,vsp,5,241011,Ag,Pd,,3,3,,1.30,10.00,1.30,9.58,,,2280,17,,
vsp5_241011_Ag-0.25-Pd-0.75_pp0_rep1,vsp,5,241011,Ag,Pd,,3,3,,1.30,8.12,1.30,10.00,,,2220,18,,
vsp5_241011_Ag-0.25-Pd-0.75_pp0_rep2,vsp,5,241011,Ag,Pd,,3,3,,1.30,8.12,1.30,10.00,,,2220,19,,
vsp5_241011_Ag-0.25-Pd-0.75_pp0_rep3,vsp,5,241011,Ag,Pd,,3,3,,1.30,8.12,1.30,10.00,,,2220,20,,
vsp5_241011_Ag-0.2-Pd-0.8_pp0_rep1,vsp,5,241011,Ag,Pd,,3,3,,1.30,6.09,1.30,10.00,,,2080,21,,
vsp5_241011_Ag-0.167-Pd-0.833_pp0_rep1,vsp,5,241011,Ag,Pd,,3,3,,1.30,4.99,1.30,10.00,,,2000,22,,
vsp5_241011_Ag-0.111-Pd-0.889_pp0_rep1,vsp,5,241011,Ag,Pd,,3,3,,1.30,3.01,1.30,10.00,,,1870,23,,
vsp5_241011_Pd-1.0_pp0_rep1,vsp,5,241011,Ag,Pd,,3,3,,0.00,0.00,1.30,10.00,,,2300,24,,
vsp6_240718_In-0.111-Zn-0.889_pp0_rep1,vsp,6,240718,In,Zn,,6,6,,1.3,2.52,1.3,10,,,1560,1,,
vsp6_240718_In-0.167-Zn-0.833_pp0_rep1,vsp,6,240718,In,Zn,,6,6,,1.3,4.04,1.3,10,,,1720,2,,
vsp6_240718_In-0.167-Zn-0.833_pp0_rep2,vsp,6,240718,In,Zn,,6,6,,1.3,4.04,1.3,10,,,1720,3,,
vsp6_240718_In-0.167-Zn-0.833_pp0_rep3,vsp,6,240718,In,Zn,,6,6,,1.3,4.04,1.3,10,,,1720,4,,
vsp6_240718_In-0.25-Zn-0.75_pp0_rep1,vsp,6,240718,In,Zn,,6,6,,1.3,6.72,1.3,10,,,2020,5,,
vsp6_240718_In-0.25-Zn-0.75_pp0_rep2,vsp,6,240718,In,Zn,,6,6,,1.3,6.72,1.3,10,,,2020,6,,
vsp6_240718_In-0.25-Zn-0.75_pp0_rep3,vsp,6,240718,In,Zn,,6,6,,1.3,6.72,1.3,10,,,2020,7,,
vsp6_240718_In-0.31-Zn-0.69_pp0_rep1,vsp,6,240718,In,Zn,,6,6,,1.3,9.06,1.3,10,,,2280,8,,
vsp6_240718_In-0.37-Zn-0.63_pp0_rep2,vsp,6,240718,In,Zn,,6,6,,1.3,10,1.3,8.44,,,2190,9,,
vsp6_240718_In-0.44-Zn-0.56_pp0_rep3,vsp,6,240718,In,Zn,,6,6,,1.3,10,1.3,6.31,,,1920,10,,
vsp6_240718_In-0.5-Zn-0.5_pp0_rep1,vsp,6,240718,In,Zn,,6,6,,1.3,10,1.3,4.96,,,1740,11,,
vsp6_240718_In-0.5-Zn-0.5_pp0_rep2,vsp,6,240718,In,Zn,,6,6,,1.3,10,1.3,4.96,,,1740,12,,
vsp6_240718_In-0.5-Zn-0.5_pp0_rep3,vsp,6,240718,In,Zn,,6,6,,1.3,10,1.3,4.96,,,1740,13,,
vsp6_240718_In-0.54-Zn-0.46_pp0_rep1,vsp,6,240718,In,Zn,,6,6,,1.3,10,1.3,4.22,,,1650,14,,
vsp6_240718_In-0.571-Zn-0.429_pp0_rep1,vsp,6,240718,In,Zn,,6,6,,1.3,10,1.3,3.73,,,1590,15,,
vsp6_240718_In-0.571-Zn-0.429_pp0_rep2,vsp,6,240718,In,Zn,,6,6,,1.3,10,1.3,3.73,,,1590,16,,
vsp6_240718_In-0.571-Zn-0.429_pp0_rep3,vsp,6,240718,In,Zn,,6,6,,1.3,10,1.3,3.73,,,1590,17,,
vsp6_240718_In-0.62-Zn-0.38_pp0_rep1,vsp,6,240718,In,Zn,,6,6,,1.3,10,1.3,3.04,,,1500,18,,
vsp6_240718_In-0.667-Zn-0.333_pp0_rep1,vsp,6,240718,In,Zn,,6,6,,1.3,10,1.3,2.48,,,1430,19,,
vsp6_240718_In-0.667-Zn-0.333_pp0_rep2,vsp,6,240718,In,Zn,,6,6,,1.3,10,1.3,2.48,,,1430,20,,
vsp6_240718_In-0.667-Zn-0.333_pp0_rep3,vsp,6,240718,In,Zn,,6,6,,1.3,10,1.3,2.48,,,1430,21,,
vsp6_240718_In-0.72-Zn-0.28_pp0_rep1,vsp,6,240718,In,Zn,,6,6,,1.3,10,1.3,1.93,,,1360,22,,
vsp6_240718_In-0.8-Zn-0.2_pp0_rep1,vsp,6,240718,In,Zn,,6,6,,1.3,10,1.3,1.24,,,1270,23,,
vsp6_240718_In-1.0_pp0_rep1,vsp,6,240718,In,Zn,,6,6,,1.3,10,,,,,1110,24,,
vsp6_240718_Zn-1.0_pp0_rep1,vsp,6,240718,In,Zn,,6,6,,,,1.3,10,,,1280,25,,
vsp7_241025_Cu-0.889-Zn-0.111_pp0_rep1,vsp,7,241025,Cu,Zn,,2,2,,1.30,10.00,0.50,0.57,,,300,1,,
vsp7_241025_Cu-0.875-Zn-0.125_pp0_rep1,vsp,7,241025,Cu,Zn,,2,2,,1.30,10.00,0.50,0.65,,,300,2,,
vsp7_241025_Cu-0.833-Zn-0.167_pp0_rep1,vsp,7,241025,Cu,Zn,,2,2,,1.30,10.00,0.50,0.93,,,320,3,,
vsp7_241025_Cu-0.8-Zn-0.2_pp0_rep1,vsp,7,241025,Cu,Zn,,2,2,,1.30,10.00,0.50,1.14,,,330,4,,
vsp7_241025_Cu-0.75-Zn-0.25_pp0_rep1,vsp,7,241025,Cu,Zn,,2,2,,1.30,10.00,0.50,1.51,,,350,5,,
vsp7_241025_Cu-0.75-Zn-0.25_pp0_rep2,vsp,7,241025,Cu,Zn,,2,2,,1.30,10.00,0.50,1.51,,,350,6,,
vsp7_241025_Cu-0.75-Zn-0.25_pp0_rep3,vsp,7,241025,Cu,Zn,,2,2,,1.30,10.00,0.50,1.51,,,350,7,,
vsp7_241025_Cu-0.7-Zn-0.3_pp0_rep1,vsp,7,241025,Cu,Zn,,2,2,,1.30,10.00,0.50,1.95,,,380,8,,
vsp7_241025_Cu-0.667-Zn-0.333_pp0_rep1,vsp,7,241025,Cu,Zn,,2,2,,1.30,10.00,0.50,2.24,,,400,9,,
vsp7_241025_Cu-0.625-Zn-0.375_pp0_rep1,vsp,7,241025,Cu,Zn,,2,2,,1.30,10.00,0.50,2.73,,,430,10,,
vsp7_241025_Cu-0.6-Zn-0.4_pp0_rep1,vsp,7,241025,Cu,Zn,,2,2,,1.30,10.00,1.30,1.17,,,450,11,,
vsp7_241025_Cu-0.556-Zn-0.444_pp0_rep1,vsp,7,241025,Cu,Zn,,2,2,,1.30,10.00,1.30,1.37,,,480,12,,
vsp7_241025_Cu-0.5-Zn-0.5_pp0_rep1,vsp,7,241025,Cu,Zn,,2,2,,1.30,10.00,1.30,1.75,,,540,13,,
vsp7_241025_Cu-0.455-Zn-0.545_pp0_rep1,vsp,7,241025,Cu,Zn,,2,2,,1.30,10.00,1.30,2.09,,,590,14,,
vsp7_241025_Cu-0.429-Zn-0.571_pp0_rep1,vsp,7,241025,Cu,Zn,,2,2,,1.30,10.00,1.30,2.32,,,620,15,,
vsp7_241025_Cu-0.375-Zn-0.625_pp0_rep1,vsp,7,241025,Cu,Zn,,2,2,,1.30,10.00,1.30,2.91,,,720,16,,
vsp7_241025_Cu-0.333-Zn-0.667_pp0_rep1,vsp,7,241025,Cu,Zn,,2,2,,1.30,10.00,1.30,3.55,,,820,17,,
vsp7_241025_Cu-0.25-Zn-0.75_pp0_rep1,vsp,7,241025,Cu,Zn,,2,2,,1.30,10.00,1.30,5.24,,,1080,18,,
vsp7_241025_Cu-0.2-Zn-0.8_pp0_rep1,vsp,7,241025,Cu,Zn,,2,2,,1.30,10.00,1.30,6.99,,,1350,19,,
vsp7_241025_Cu-0.167-Zn-0.833_pp0_rep1,vsp,7,241025,Cu,Zn,,2,2,,1.30,10.00,1.30,8.53,,,1590,20,,
vsp7_241025_Cu-0.125-Zn-0.875_pp0_rep1,vsp,7,241025,Cu,Zn,,2,2,,1.30,8.17,1.30,10.00,,,1770,21,,
vsp7_241025_Cu-0.111-Zn-0.889_pp0_rep1,vsp,7,241025,Cu,Zn,,2,2,,1.30,7.07,1.30,10.00,,,1740,22,,
vsp7_241025_Zn-1.0_pp0_rep1,vsp,7,241025,Cu,Zn,,2,2,,,,1.30,10.00,,,1560,23,,
vsp7_241025_Cu-1.0_pp0_rep1,vsp,7,241025,Cu,Zn,,2,2,,1.30,10.00,,,,,260,24,,
vsp8_240802_Pd-0.889-Zn-0.111_pp0_rep1,vsp,8,240802,Pd,Zn,,3,6,,1.3,10.00,1.30,0.99,,,1780,1,,
vsp8_240802_Pd-0.867-Zn-0.133_pp0_rep1,vsp,8,240802,Pd,Zn,,3,6,,1.3,10.00,1.30,1.19,,,1810,2,,
vsp8_240802_Pd-0.833-Zn-0.167_pp0_rep1,vsp,8,240802,Pd,Zn,,3,6,,1.3,10.00,1.30,1.64,,,1870,3,,
vsp8_240802_Pd-0.8-Zn-0.2_pp0_rep1,vsp,8,240802,Pd,Zn,,3,6,,1.3,10.00,1.30,2.00,,,1910,4,,
vsp8_240802_Pd-0.75-Zn-0.25_pp0_rep1,vsp,8,240802,Pd,Zn,,3,6,,1.3,10.00,1.30,2.66,,,2000,5,,
vsp8_240802_Pd-0.75-Zn-0.25_pp0_rep2,vsp,8,240802,Pd,Zn,,3,6,,1.3,10.00,1.30,2.66,,,2000,6,,
vsp8_240802_Pd-0.75-Zn-0.25_pp0_rep3,vsp,8,240802,Pd,Zn,,3,6,,1.3,10.00,1.30,2.66,,,2000,7,,
vsp8_240802_Pd-0.7-Zn-0.3_pp0_rep1,vsp,8,240802,Pd,Zn,,3,6,,1.3,10.00,1.30,3.42,,,2090,8,,
vsp8_240802_Pd-0.667-Zn-0.333_pp0_rep1,vsp,8,240802,Pd,Zn,,3,6,,1.3,10.00,1.30,3.93,,,2160,9,,
vsp8_240802_Pd-0.625-Zn-0.375_pp0_rep1,vsp,8,240802,Pd,Zn,,3,6,,1.3,10.00,1.30,4.79,,,2270,10,,
vsp8_240802_Pd-0.571-Zn-0.429_pp0_rep1,vsp,8,240802,Pd,Zn,,3,6,,1.3,10.00,1.30,6.02,,,2430,11,,
vsp8_240802_Pd-0.5-Zn-0.5_pp0_rep1,vsp,8,240802,Pd,Zn,,3,6,,1.3,10.00,1.30,7.99,,,2680,12,,
vsp8_240802_Pd-0.5-Zn-0.5_pp0_rep2,vsp,8,240802,Pd,Zn,,3,6,,1.3,10.00,1.30,7.99,,,2680,13,,
vsp8_240802_Pd-0.5-Zn-0.5_pp0_rep3,vsp,8,240802,Pd,Zn,,3,6,,1.3,10.00,1.30,7.99,,,2680,14,,
vsp8_240802_Pd-0.429-Zn-0.571_pp0_rep1,vsp,8,240802,Pd,Zn,,3,6,,1.3,9.45,1.30,10.00,,,2840,15,,
vsp8_240802_Pd-0.4-Zn-0.6_pp0_rep1,vsp,8,240802,Pd,Zn,,3,6,,1.3,8.35,1.30,10.00,,,2660,16,,
vsp8_240802_Pd-0.375-Zn-0.625_pp0_rep1,vsp,8,240802,Pd,Zn,,3,6,,1.3,7.51,1.30,10.00,,,2520,17,,
vsp8_240802_Pd-0.333-Zn-0.667_pp0_rep1,vsp,8,240802,Pd,Zn,,3,6,,1.3,6.17,1.30,10.00,,,2300,18,,
vsp8_240802_Pd-0.25-Zn-0.75_pp0_rep1,vsp,8,240802,Pd,Zn,,3,6,,1.3,4.17,1.30,10.00,,,1970,19,,
vsp8_240802_Pd-0.231-Zn-0.769_pp0_rep1,vsp,8,240802,Pd,Zn,,3,6,,1.3,3.74,1.30,10.00,,,1900,20,,
vsp8_240802_Pd-0.167-Zn-0.833_pp0_rep1,vsp,8,240802,Pd,Zn,,3,6,,1.3,2.57,1.30,10.00,,,1700,21,,
vsp8_240802_Pd-0.125-Zn-0.875_pp0_rep1,vsp,8,240802,Pd,Zn,,3,6,,1.3,1.79,1.30,10.00,,,1570,22,,
vsp8_240802_Pd-0.111-Zn-0.889_pp0_rep1,vsp,8,240802,Pd,Zn,,3,6,,1.3,1.55,1.30,10.00,,,1530,23,,
vsp8_240802_Pd-1.0_pp0_rep1,vsp,8,240802,Pd,Zn,,3,6,,1.3,10.00,,,,,1660,24,,
vsp8_240802_Zn-1.0_pp0_rep1,vsp,8,240802,Pd,Zn,,3,6,,,,1.30,10.00,,,1280,25,,
vsp9_240726_Sn-0.19-Zn-0.81_pp0_rep1,vsp,9,240726,Sn,Zn,,6,6,,0.8,1.2,1.3,10,,,910,1,,
vsp9_240726_Sn-0.22-Zn-0.78_pp0_rep1,vsp,9,240726,Sn,Zn,,6,6,,0.8,1.46,1.3,10,,,960,2,,
vsp9_240726_Sn-0.25-Zn-0.75_pp0_rep1,vsp,9,240726,Sn,Zn,,6,6,,1.3,1.06,1.3,10,,,1020,3,,
vsp9_240726_Sn-0.25-Zn-0.75_pp0_rep2,vsp,9,240726,Sn,Zn,,6,6,,1.3,1.06,1.3,10,,,1020,4,,
vsp9_240726_Sn-0.25-Zn-0.75_pp0_rep3,vsp,9,240726,Sn,Zn,,6,6,,1.3,1.06,1.3,10,,,1020,5,,
vsp9_240726_Sn-0.28-Zn-0.72_pp0_rep1,vsp,9,240726,Sn,Zn,,6,6,,1.3,1.23,1.3,10,,,1090,6,,
vsp9_240726_Sn-0.31-Zn-0.69_pp0_rep1,vsp,9,240726,Sn,Zn,,6,6,,1.3,1.43,1.3,10,,,1160,7,,
vsp9_240726_Sn-0.333-Zn-0.667_pp0_rep1,vsp,9,240726,Sn,Zn,,6,6,,1.3,1.58,1.3,10,,,1220,8,,
vsp9_240726_Sn-0.333-Zn-0.667_pp0_rep2,vsp,9,240726,Sn,Zn,,6,6,,1.3,1.58,1.3,10,,,1220,9,,
vsp9_240726_Sn-0.333-Zn-0.667_pp0_rep3,vsp,9,240726,Sn,Zn,,6,6,,1.3,1.58,1.3,10,,,1220,10,,
vsp9_240726_Sn-0.37-Zn-0.63_pp0_rep1,vsp,9,240726,Sn,Zn,,6,6,,1.3,1.86,1.3,10,,,1320,11,,
vsp9_240726_Sn-0.37-Zn-0.63_pp0_rep2,vsp,9,240726,Sn,Zn,,6,6,,1.3,1.86,1.3,10,,,1320,12,,
vsp9_240726_Sn-0.37-Zn-0.63_pp0_rep3,vsp,9,240726,Sn,Zn,,6,6,,1.3,1.86,1.3,10,,,1320,13,,
vsp9_240726_Sn-0.4-Zn-0.6_pp0_rep1,vsp,9,240726,Sn,Zn,,6,6,,1.3,2.12,1.3,10,,,1410,14,,
vsp9_240726_Sn-0.44-Zn-0.56_pp0_rep1,vsp,9,240726,Sn,Zn,,6,6,,1.3,2.49,1.3,10,,,1550,15,,
vsp9_240726_Sn-0.47-Zn-0.53_pp0_rep1,vsp,9,240726,Sn,Zn,,6,6,,1.3,2.82,1.3,10,,,1660,16,,
vsp9_240726_Sn-0.5-Zn-0.5_pp0_rep1,vsp,9,240726,Sn,Zn,,6,6,,1.3,3.17,1.3,10,,,1800,17,,
vsp9_240726_Sn-0.5-Zn-0.5_pp0_rep2,vsp,9,240726,Sn,Zn,,6,6,,1.3,3.17,1.3,10,,,1800,18,,
vsp9_240726_Sn-0.5-Zn-0.5_pp0_rep3,vsp,9,240726,Sn,Zn,,6,6,,1.3,3.17,1.3,10,,,1800,19,,
vsp9_240726_Sn-0.53-Zn-0.47_pp0_rep1,vsp,9,240726,Sn,Zn,,6,6,,1.3,3.58,1.3,10,,,1940,20,,
vsp9_240726_Sn-0.53-Zn-0.47_pp0_rep2,vsp,9,240726,Sn,Zn,,6,6,,1.3,3.58,1.3,10,,,1940,21,,
vsp9_240726_Sn-0.53-Zn-0.47_pp0_rep3,vsp,9,240726,Sn,Zn,,6,6,,1.3,3.58,1.3,10,,,1940,22,,
vsp9_240726_Sn-0.56-Zn-0.44_pp0_rep1,vsp,9,240726,Sn,Zn,,6,6,,1.3,4.04,1.3,10,,,2110,23,,
vsp9_240726_Sn-1.0_pp0_rep1,vsp,9,240726,Sn,Zn,,6,6,,1.3,10,,,,,3650,24,,
vsp9_240726_Zn-1.0_pp0_rep1,vsp,9,240726,Sn,Zn,,6,6,,1.3,,1.3,10,,,640,25,,
vsp10_240726_Au-0.111-Zn-0.889_pp0_rep1,vsp,10,240726,Au,Zn,,2,6,,1.3,1.28,1.3,10,,,880,1,,
vsp10_240726_Au-0.125-Zn-0.875_pp0_rep1,vsp,10,240726,Au,Zn,,2,6,,1.3,1.48,1.3,10,,,910,2,,
vsp10_240726_Au-0.167-Zn-0.833_pp0_rep1,vsp,10,240726,Au,Zn,,2,6,,1.3,2.12,1.3,10,,,1030,3,,
vsp10_240726_Au-0.2-Zn-0.8_pp0_rep1,vsp,10,240726,Au,Zn,,2,6,,1.3,2.59,1.3,10,,,1120,4,,
vsp10_240726_Au-0.25-Zn-0.75_pp0_rep1,vsp,10,240726,Au,Zn,,2,6,,1.3,3.45,1.3,10,,,1280,5,,
vsp10_240726_Au-0.294-Zn-0.706_pp0_rep1,vsp,10,240726,Au,Zn,,2,6,,1.3,4.23,1.3,10,,,1420,6,,
vsp10_240726_Au-0.333-Zn-0.667_pp0_rep1,vsp,10,240726,Au,Zn,,2,6,,1.3,5.1,1.3,10,,,1580,7,,
vsp10_240726_Au-0.375-Zn-0.625_pp0_rep1,vsp,10,240726,Au,Zn,,2,6,,1.3,6.21,1.3,10,,,1790,8,,
vsp10_240726_Au-0.4-Zn-0.6_pp0_rep1,vsp,10,240726,Au,Zn,,2,6,,1.3,6.9,1.3,10,,,1920,9,,
vsp10_240726_Au-0.429-Zn-0.571_pp0_rep1,vsp,10,240726,Au,Zn,,2,6,,1.3,7.81,1.3,10,,,2090,10,,
vsp10_240726_Au-0.5-Zn-0.5_pp0_rep1,vsp,10,240726,Au,Zn,,2,6,,1.3,10,1.3,9.66,,,2470,11,,
vsp10_240726_Au-0.556-Zn-0.444_pp0_rep1,vsp,10,240726,Au,Zn,,2,6,,1.3,10,1.3,7.59,,,2340,12,,
vsp10_240726_Au-0.6-Zn-0.4_pp0_rep1,vsp,10,240726,Au,Zn,,2,6,,1.3,10,1.3,6.44,,,2270,13,,
vsp10_240726_Au-0.625-Zn-0.375_pp0_rep1,vsp,10,240726,Au,Zn,,2,6,,1.3,10,1.3,5.79,,,2230,14,,
vsp10_240726_Au-0.667-Zn-0.333_pp0_rep1,vsp,10,240726,Au,Zn,,2,6,,1.3,10,1.3,4.76,,,2160,15,,
vsp10_240726_Au-0.692-Zn-0.308_pp0_rep1,vsp,10,240726,Au,Zn,,2,6,,1.3,10,1.3,4.34,,,2130,16,,
vsp10_240726_Au-0.7-Zn-0.3_pp0_rep1,vsp,10,240726,Au,Zn,,2,6,,1.3,10,1.3,4.14,,,2120,17,,
vsp10_240726_Au-0.75-Zn-0.25_pp0_rep1,vsp,10,240726,Au,Zn,,2,6,,1.3,10,1.3,3.22,,,2060,18,,
vsp10_240726_Au-0.75-Zn-0.25_pp0_rep2,vsp,10,240726,Au,Zn,,2,6,,1.3,10,1.3,3.22,,,2060,19,,
vsp10_240726_Au-0.75-Zn-0.25_pp0_rep3,vsp,10,240726,Au,Zn,,2,6,,1.3,10,1.3,3.22,,,2060,20,,
vsp10_240726_Au-0.8-Zn-0.2_pp0_rep1,vsp,10,240726,Au,Zn,,2,6,,1.3,10,1.3,2.41,,,2010,21,,
vsp10_240726_Au-0.833-Zn-0.167_pp0_rep1,vsp,10,240726,Au,Zn,,2,6,,1.3,10,1.3,1.98,,,1980,22,,
vsp10_240726_Au-0.889-Zn-0.111_pp0_rep1,vsp,10,240726,Au,Zn,,2,6,,1.3,10,1.3,1.19,,,1930,23,,
vsp10_240726_Zn-1.0_pp0_rep1,vsp,10,240726,Au,Zn,,2,6,,,,1.3,10,,,640,24,,
vsp10_240726_Au-1.0_pp0_rep1,vsp,10,240726,Au,Zn,,2,6,,1.3,10,,,,,1860,25,,
vsp11_240802_Ag-0.889-Zn-0.111_pp0_rep1,vsp,11,240802,Ag,Zn,,3,2,,1.3,10,0.7,0.6,,,590,1,,
vsp11_240802_Ag-0.833-Zn-0.167_pp0_rep1,vsp,11,240802,Ag,Zn,,3,2,,1.3,10,0.7,0.99,,,620,2,,
vsp11_240802_Ag-0.8-Zn-0.2_pp0_rep1,vsp,11,240802,Ag,Zn,,3,2,,1.3,10,0.7,1.21,,,630,3,,
vsp11_240802_Ag-0.778-Zn-0.222_pp0_rep1,vsp,11,240802,Ag,Zn,,3,2,,1.3,10,0.7,1.37,,,640,4,,
vsp11_240802_Ag-0.75-Zn-0.25_pp0_rep1,vsp,11,240802,Ag,Zn,,3,2,,1.3,10,0.7,1.62,,,660,5,,
vsp11_240802_Ag-0.667-Zn-0.333_pp0_rep1,vsp,11,240802,Ag,Zn,,3,2,,1.3,10,1.3,1.29,,,710,6,,
vsp11_240802_Ag-0.625-Zn-0.375_pp0_rep1,vsp,11,240802,Ag,Zn,,3,2,,1.3,10,1.3,1.57,,,750,7,,
vsp11_240802_Ag-0.6-Zn-0.4_pp0_rep1,vsp,11,240802,Ag,Zn,,3,2,,1.3,10,1.3,1.74,,,770,8,,
vsp11_240802_Ag-0.583-Zn-0.417_pp0_rep1,vsp,11,240802,Ag,Zn,,3,2,,1.3,10,1.3,1.89,,,790,9,,
vsp11_240802_Ag-0.556-Zn-0.444_pp0_rep1,vsp,11,240802,Ag,Zn,,3,2,,1.3,10,1.3,2.05,,,810,10,,
vsp11_240802_Ag-0.5-Zn-0.5_pp0_rep1,vsp,11,240802,Ag,Zn,,3,2,,1.3,10,1.3,2.61,,,880,11,,
vsp11_240802_Ag-0.462-Zn-0.538_pp0_rep1,vsp,11,240802,Ag,Zn,,3,2,,1.3,10,1.3,3.07,,,940,12,,
vsp11_240802_Ag-0.429-Zn-0.571_pp0_rep1,vsp,11,240802,Ag,Zn,,3,2,,1.3,10,1.3,3.46,,,990,13,,
vsp11_240802_Ag-0.4-Zn-0.6_pp0_rep1,vsp,11,240802,Ag,Zn,,3,2,,1.3,10,1.3,3.92,,,1050,14,,
vsp11_240802_Ag-0.375-Zn-0.625_pp0_rep1,vsp,11,240802,Ag,Zn,,3,2,,1.3,10,1.3,4.35,,,1100,15,,
vsp11_240802_Ag-0.333-Zn-0.667_pp0_rep1,vsp,11,240802,Ag,Zn,,3,2,,1.3,10,1.3,5.3,,,1230,16,,
vsp11_240802_Ag-0.25-Zn-0.75_pp0_rep1,vsp,11,240802,Ag,Zn,,3,2,,1.3,10,1.3,7.84,,,1550,17,,
vsp11_240802_Ag-0.25-Zn-0.75_pp0_rep2,vsp,11,240802,Ag,Zn,,3,2,,1.3,10,1.3,7.84,,,1550,18,,
vsp11_240802_Ag-0.25-Zn-0.75_pp0_rep3,vsp,11,240802,Ag,Zn,,3,2,,1.3,10,1.3,7.84,,,1550,19,,
vsp11_240802_Ag-0.222-Zn-0.778_pp0_rep1,vsp,11,240802,Ag,Zn,,3,2,,1.3,10,1.3,9.26,,,1730,20,,
vsp11_240802_Ag-0.2-Zn-0.8_pp0_rep1,vsp,11,240802,Ag,Zn,,3,2,,1.3,9.57,1.3,10,,,1800,21,,
vsp11_240802_Ag-0.167-Zn-0.833_pp0_rep1,vsp,11,240802,Ag,Zn,,3,2,,1.3,7.84,1.3,10,,,1710,22,,
vsp11_240802_Ag-0.111-Zn-0.889_pp0_rep1,vsp,11,240802,Ag,Zn,,3,2,,1.3,4.73,1.3,10,,,1540,23,,
vsp11_240802_Zn-1.0_pp0_rep1,vsp,11,240802,Ag,Zn,,3,2,,,,1.3,10,,,1280,24,,
vsp11_240802_Ag-1.0_pp0_rep1,vsp,11,240802,Ag,Zn,,3,2,,1.3,10,,,,,550,25,,
vsp12_240816_Ag-0.75-In-0.125-Sn-0.125_pp0_rep1,vsp,12,240816,Ag,In,Sn,3,6,6,1.3,10,0.5,0.45,1,1.4,480,1,,
vsp12_240816_Ag-0.75-In-0.125-Sn-0.125_pp0_rep2,vsp,12,240816,Ag,In,Sn,3,6,6,1.3,10,0.5,0.45,1,1.4,480,2,,
vsp12_240816_Ag-0.75-In-0.125-Sn-0.125_pp0_rep3,vsp,12,240816,Ag,In,Sn,3,6,6,1.3,10,0.5,0.45,1,1.4,480,3,,
vsp12_240816_Ag-0.727-In-0.182-Sn-0.091_pp0_rep1,vsp,12,240816,Ag,In,Sn,3,6,6,1.3,10,0.5,0.68,1,1.1,500,4,,
vsp12_240816_Ag-0.667-In-0.111-Sn-0.222_pp0_rep1,vsp,12,240816,Ag,In,Sn,3,6,6,1.3,10,0.5,0.45,1.3,2.2,540,5,,
vsp12_240816_Ag-0.5-In-0.25-Sn-0.25_pp0_rep1,vsp,12,240816,Ag,In,Sn,3,6,6,1.3,10,0.5,1.35,1.3,3.3,740,6,,
vsp12_240816_Ag-0.5-In-0.25-Sn-0.25_pp0_rep2,vsp,12,240816,Ag,In,Sn,3,6,6,1.3,10,0.5,1.35,1.3,3.3,740,7,,
vsp12_240816_Ag-0.5-In-0.25-Sn-0.25_pp0_rep3,vsp,12,240816,Ag,In,Sn,3,6,6,1.3,10,0.5,1.35,1.3,3.3,740,8,,
vsp12_240816_Ag-0.5-In-0.167-Sn-0.333_pp0_rep1,vsp,12,240816,Ag,In,Sn,3,6,6,1.3,10,0.5,0.9,1.3,4.4,730,9,,
vsp12_240816_Ag-0.333-In-0.333-Sn-0.333_pp0_rep1,vsp,12,240816,Ag,In,Sn,3,6,6,1.3,10,1.3,1.04,1.3,6.6,1120,10,,
vsp12_240816_Ag-0.25-In-0.25-Sn-0.5_pp0_rep1,vsp,12,240816,Ag,In,Sn,3,6,6,1.3,7.6,1,1.02,1.3,10,1130,11,,
vsp12_240816_Ag-0.25-In-0.25-Sn-0.5_pp0_rep2,vsp,12,240816,Ag,In,Sn,3,6,6,1.3,7.6,1,1.02,1.3,10,1130,12,,
vsp12_240816_Ag-0.25-In-0.25-Sn-0.5_pp0_rep3,vsp,12,240816,Ag,In,Sn,3,6,6,1.3,7.6,1,1.02,1.3,10,1130,13,,
vsp12_240816_Ag-0.125-In-0.125-Sn-0.75_pp0_rep1,vsp,12,240816,Ag,In,Sn,3,6,6,1.3,2.5,0.5,0.68,1.3,10,760,14,,
vsp12_240816_Ag-0.333-In-0.5-Sn-0.167_pp0_rep1,vsp,12,240816,Ag,In,Sn,3,6,6,1.3,10,1.3,1.56,1.3,3.3,1130,15,,
vsp12_240816_Ag-0.125-In-0.75-Sn-0.125_pp0_rep1,vsp,12,240816,Ag,In,Sn,3,6,6,1.3,10,1.3,6.25,1.3,6.6,3070,16,,
vsp12_240816_Ag-0.222-In-0.667-Sn-0.111_pp0_rep1,vsp,12,240816,Ag,In,Sn,3,6,6,1.3,10,1.3,3.13,1.3,3.3,1710,17,,
vsp12_240816_Ag-0.091-In-0.727-Sn-0.182_pp0_rep1,vsp,12,240816,Ag,In,Sn,3,6,6,1.3,7.6,1.3,6.29,1.3,10,3190,18,,
vsp12_240816_Ag-0.182-In-0.091-Sn-0.727_pp0_rep1,vsp,12,240816,Ag,In,Sn,3,6,6,1.3,3.8,0.5,0.51,1.3,10,780,19,,
vsp12_240816_Ag-0.5-In-0.5_pp0_rep1,vsp,12,240816,Ag,In,Sn,3,6,6,1.3,10,1,1.35,0,0,740,20,,
vsp12_240816_Ag-0.5-In-0.5_pp0_rep4,vsp,12,240816,Ag,In,Sn,3,6,6,1.3,10,1,1.35,0,0,740,21,,
vsp12_240816_Ag-0.5-In-0.5_pp0_rep7,vsp,12,240816,Ag,In,Sn,3,6,6,1.3,10,1,1.35,0,0,740,22,,
vsp12_240816_In-1.0_pp0_rep1,vsp,12,240816,Ag,In,Sn,3,6,6,0,0,0,0,1.3,10,570,23,,
vsp12_240816_Sn-1.0_pp0_rep1,vsp,12,240816,Ag,In,Sn,3,6,6,0,0,1.3,10,0,0,3740,24,,
vsp12_240816_Ag-1.0_pp0_rep1,vsp,12,240816,Ag,In,Sn,3,6,6,1.3,10,0,0,0,0,350,25,,
vsp13_240823_Ag-0.6-Au-0.35-Zn-0.05_pp0_rep1,vsp,13,240823,Ag,Au,Zn,3,2,6,1.30,10.00,1.30,1.98,0.5,0.58,750,1,,
vsp13_240823_Ag-0.4-Au-0.5-Zn-0.1_pp0_rep1,vsp,13,240823,Ag,Au,Zn,3,2,6,1.30,10.00,1.30,4.24,0.5,1.75,1220,2,,
vsp13_240823_Ag-0.444-Au-0.444-Zn-0.111_pp0_rep1,vsp,13,240823,Ag,Au,Zn,3,2,6,1.30,10.00,1.30,3.40,0.5,1.75,1060,3,,
vsp13_240823_Ag-0.667-Au-0.222-Zn-0.111_pp0_rep1,vsp,13,240823,Ag,Au,Zn,3,2,6,1.30,10.00,1.30,1.12,0.5,1.15,600,4,,
vsp13_240823_Ag-0.25-Au-0.625-Zn-0.125_pp0_rep1,vsp,13,240823,Ag,Au,Zn,3,2,6,1.30,10.00,1.30,8.49,1.3,1.34,2080,5,,
vsp13_240823_Ag-0.375-Au-0.5-Zn-0.125_pp0_rep1,vsp,13,240823,Ag,Au,Zn,3,2,6,1.30,10.00,1.30,4.53,0.5,2.33,1290,6,,
vsp13_240823_Ag-0.5-Au-0.375-Zn-0.125_pp0_rep1,vsp,13,240823,Ag,Au,Zn,3,2,6,1.30,10.00,1.30,2.55,0.5,1.75,890,7,,
vsp13_240823_Ag-0.286-Au-0.571-Zn-0.143_pp0_rep1,vsp,13,240823,Ag,Au,Zn,3,2,6,1.30,10.00,1.30,6.67,1.3,1.30,1730,8,,
vsp13_240823_Ag-0.571-Au-0.286-Zn-0.143_pp0_rep1,vsp,13,240823,Ag,Au,Zn,3,2,6,1.30,10.00,1.30,1.73,0.5,1.72,730,9,,
vsp13_240823_Ag-0.167-Au-0.667-Zn-0.167_pp0_rep1,vsp,13,240823,Ag,Au,Zn,3,2,6,1.30,7.37,1.30,10.00,1.3,1.98,2320,10,,
vsp13_240823_Ag-0.333-Au-0.5-Zn-0.167_pp0_rep1,vsp,13,240823,Ag,Au,Zn,3,2,6,1.30,10.00,1.30,5.15,1.3,1.39,1450,11,,
vsp13_240823_Ag-0.5-Au-0.333-Zn-0.167_pp0_rep1,vsp,13,240823,Ag,Au,Zn,3,2,6,1.30,10.00,1.30,2.24,0.5,2.38,850,12,,
vsp13_240823_Ag-0.667-Au-0.167-Zn-0.167_pp0_rep1,vsp,13,240823,Ag,Au,Zn,3,2,6,1.30,10.00,1.30,0.85,0.5,1.75,570,13,,
vsp13_240823_Ag-0.364-Au-0.455-Zn-0.182_pp0_rep1,vsp,13,240823,Ag,Au,Zn,3,2,6,1.30,10.00,1.30,4.24,1.3,1.34,1270,14,,
vsp13_240823_Ag-0.636-Au-0.182-Zn-0.182_pp0_rep1,vsp,13,240823,Ag,Au,Zn,3,2,6,1.30,10.00,1.30,0.96,0.5,1.97,590,15,,
vsp13_240823_Ag-0.111-Au-0.667-Zn-0.222_pp0_rep1,vsp,13,240823,Ag,Au,Zn,3,2,6,1.30,4.83,1.30,10.00,1.3,2.60,2280,16,,
vsp13_240823_Ag-0.125-Au-0.625-Zn-0.25_pp0_rep1,vsp,13,240823,Ag,Au,Zn,3,2,6,1.30,5.89,1.30,10.00,1.3,3.17,2360,17,,
vsp13_240823_Ag-0.25-Au-0.5-Zn-0.25_pp0_rep1,vsp,13,240823,Ag,Au,Zn,3,2,6,1.30,10.00,1.30,6.79,1.3,2.69,1860,18,,
vsp13_240823_Ag-0.5-Au-0.25-Zn-0.25_pp0_rep1,vsp,13,240823,Ag,Au,Zn,3,2,6,1.30,10.00,1.30,1.70,1.3,1.34,780,19,,
vsp13_240823_Ag-0.625-Au-0.125-Zn-0.25_pp0_rep1,vsp,13,240823,Ag,Au,Zn,3,2,6,1.30,10.00,0.50,1.77,1.3,1.08,570,20,,
vsp13_240823_Ag-0.286-Au-0.429-Zn-0.286_pp0_rep1,vsp,13,240823,Ag,Au,Zn,3,2,6,1.30,10.00,1.30,5.09,1.3,2.69,1540,21,,
vsp13_240823_Ag-0.429-Au-0.286-Zn-0.286_pp0_rep1,vsp,13,240823,Ag,Au,Zn,3,2,6,1.30,10.00,1.30,2.26,1.3,1.79,930,22,,
vsp13_240823_Ag-0.333-Au-0.333-Zn-0.333_pp0_rep1,vsp,13,240823,Ag,Au,Zn,3,2,6,1.30,10.00,1.30,3.40,1.3,2.69,1220,23,,
vsp13_240823_Ag-0.125-Au-0.5-Zn-0.375_pp0_rep1,vsp,13,240823,Ag,Au,Zn,3,2,6,1.30,7.36,1.30,10.00,1.3,5.94,2640,24,,
vsp13_240823_Ag-0.5-Au-0.125-Zn-0.375_pp0_rep1,vsp,13,240823,Ag,Au,Zn,3,2,6,1.30,10.00,0.50,2.21,1.3,2.02,680,25,,
vsp13_240823_Ag-0.538-Au-0.077-Zn-0.385_pp0_rep1,vsp,13,240823,Ag,Au,Zn,3,2,6,1.30,10.00,0.80,0.79,1.3,2.69,1350,26,,
vsp13_240823_Ag-0.067-Au-0.533-Zn-0.4_pp0_rep1,vsp,13,240823,Ag,Au,Zn,3,2,6,1.30,3.70,1.30,10.00,1.3,8.30,1260,27,,
vsp13_240823_Ag-0.1-Au-0.5-Zn-0.4_pp0_rep1,vsp,13,240823,Ag,Au,Zn,3,2,6,1.30,5.89,1.30,10.00,1.3,8.84,1310,28,,
vsp13_240823_Ag-0.2-Au-0.4-Zn-0.4_pp0_rep1,vsp,13,240823,Ag,Au,Zn,3,2,6,1.30,10.00,1.30,6.79,1.3,7.51,1040,29,,
vsp13_240823_Ag-0.4-Au-0.2-Zn-0.4_pp0_rep1,vsp,13,240823,Ag,Au,Zn,3,2,6,1.30,10.00,1.30,1.70,1.3,3.75,450,30,,
vsp13_240823_Ag-0.417-Au-0.167-Zn-0.417_pp0_rep1,vsp,13,240823,Ag,Au,Zn,3,2,6,1.30,10.00,1.30,1.36,1.3,3.75,420,31,,
vsp13_240823_Ag-0.5-Au-0.083-Zn-0.417_pp0_rep1,vsp,13,240823,Ag,Au,Zn,3,2,6,1.30,10.00,0.80,0.92,1.3,3.13,320,32,,
vsp13_240823_Ag-0.222-Au-0.333-Zn-0.444_pp0_rep1,vsp,13,240823,Ag,Au,Zn,3,2,6,1.30,10.00,1.30,5.09,1.3,7.51,880,33,,
vsp13_240823_Ag-0.333-Au-0.222-Zn-0.444_pp0_rep1,vsp,13,240823,Ag,Au,Zn,3,2,6,1.30,10.00,1.30,2.26,1.3,5.01,530,34,,
vsp13_240823_Ag-0.444-Au-0.111-Zn-0.444_pp0_rep1,vsp,13,240823,Ag,Au,Zn,3,2,6,1.30,10.00,1.30,1.10,1.3,3.75,360,35,,
vsp13_240823_Ag-0.083-Au-0.417-Zn-0.5_pp0_rep1,vsp,13,240823,Ag,Au,Zn,3,2,6,1.30,4.42,1.30,7.54,1.3,10.00,1080,36,,
vsp13_240823_Ag-0.1-Au-0.4-Zn-0.5_pp0_rep1,vsp,13,240823,Ag,Au,Zn,3,2,6,1.30,5.33,1.30,7.24,1.3,10.00,1070,37,,
vsp13_240823_Ag-0.25-Au-0.25-Zn-0.5_pp0_rep1,vsp,13,240823,Ag,Au,Zn,3,2,6,1.30,10.00,1.30,3.40,1.3,7.51,710,38,,
vsp13_240823_Ag-0.333-Au-0.167-Zn-0.5_pp0_rep1,vsp,13,240823,Ag,Au,Zn,3,2,6,1.30,10.00,1.30,1.70,1.3,5.64,500,39,,
vsp13_240823_Ag-0.4-Au-0.1-Zn-0.5_pp0_rep1,vsp,13,240823,Ag,Au,Zn,3,2,6,1.30,10.00,1.00,1.10,1.3,4.69,390,40,,
vsp13_240823_Ag-0.417-Au-0.083-Zn-0.5_pp0_rep1,vsp,13,240823,Ag,Au,Zn,3,2,6,1.30,10.00,1.00,0.88,1.3,4.50,370,41,,
vsp13_240823_Ag-0.2-Au-0.2-Zn-0.6_pp0_rep1,vsp,13,240823,Ag,Au,Zn,3,2,6,1.30,8.88,1.30,3.01,1.3,10.00,730,42,,
vsp13_240823_Ag-0.25-Au-0.125-Zn-0.625_pp0_rep1,vsp,13,240823,Ag,Au,Zn,3,2,6,1.30,10.00,1.30,1.70,1.3,9.39,610,43,,
vsp13_240823_Ag-0.182-Au-0.182-Zn-0.636_pp0_rep1,vsp,13,240823,Ag,Au,Zn,3,2,6,1.30,7.62,1.30,2.59,1.3,10.00,670,44,,
vsp13_240823_Ag-0.111-Au-0.222-Zn-0.667_pp0_rep1,vsp,13,240823,Ag,Au,Zn,3,2,6,1.30,4.43,1.30,3.01,1.3,10.00,650,45,,
vsp13_240823_Ag-0.167-Au-0.167-Zn-0.667_pp0_rep1,vsp,13,240823,Ag,Au,Zn,3,2,6,1.30,6.67,1.30,2.26,1.3,10.00,620,46,,
vsp13_240823_Ag-0.125-Au-0.125-Zn-0.75_pp0_rep1,vsp,13,240823,Ag,Au,Zn,3,2,6,1.30,4.44,1.30,1.51,1.3,10.00,510,47,,
vsp14_240906_Au-0.5-Cu-0.4-Zn-0.1_pp0_rep1,vsp,14,240906,Au,Cu,Zn,2,2,2,1.3,2.8,1.3,10,1.3,0.44,700,1,,
vsp14_240906_Au-0.667-Cu-0.222-Zn-0.111_pp0_rep1,vsp,14,240906,Au,Cu,Zn,2,2,2,1.3,6.7,1.3,10,1.3,0.87,1490,2,,
vsp14_240906_Au-0.125-Cu-0.75-Zn-0.125_pp0_rep1,vsp,14,240906,Au,Cu,Zn,2,2,2,1.3,0.4,1.3,10,1.3,0.29,230,3,,
vsp14_240906_Au-0.25-Cu-0.625-Zn-0.125_pp0_rep1,vsp,14,240906,Au,Cu,Zn,2,2,2,1.3,0.9,1.3,10,1.3,0.35,330,4,,
vsp14_240906_Au-0.429-Cu-0.429-Zn-0.143_pp0_rep1,vsp,14,240906,Au,Cu,Zn,2,2,2,1.3,2.2,1.3,10,1.3,0.57,600,5,,
vsp14_240906_Au-0.571-Cu-0.286-Zn-0.143_pp0_rep1,vsp,14,240906,Au,Cu,Zn,2,2,2,1.3,4.3,1.3,10,1.3,0.84,1030,6,,
vsp14_240906_Au-0.333-Cu-0.444-Zn-0.222_pp0_rep1,vsp,14,240906,Au,Cu,Zn,2,2,2,1.3,1.7,1.3,10,1.3,0.87,520,7,,
vsp14_240906_Au-0.667-Cu-0.111-Zn-0.222_pp0_rep1,vsp,14,240906,Au,Cu,Zn,2,2,2,1.3,10,1.3,7.4,1.3,2.6,2210,8,,
vsp14_240906_Au-0.5-Cu-0.25-Zn-0.25_pp0_rep1,vsp,14,240906,Au,Cu,Zn,2,2,2,1.3,4.4,1.3,10,1.3,1.75,1110,9,,
vsp14_240906_Au-0.25-Cu-0.5-Zn-0.25_pp0_rep1,vsp,14,240906,Au,Cu,Zn,2,2,2,1.3,1.1,1.3,10,1.3,0.87,420,10,,
vsp14_240906_Au-0.375-Cu-0.375-Zn-0.25_pp0_rep1,vsp,14,240906,Au,Cu,Zn,2,2,2,1.3,2.2,1.3,10,1.3,1.17,650,11,,
vsp14_240906_Au-0.125-Cu-0.625-Zn-0.25_pp0_rep1,vsp,14,240906,Au,Cu,Zn,2,2,2,1.3,0.4,1.3,10,1.3,0.7,280,12,,
vsp14_240906_Au-0.333-Cu-0.333-Zn-0.333_pp0_rep1,vsp,14,240906,Au,Cu,Zn,2,2,2,1.3,2.2,1.3,10,1.3,1.75,700,13,,
vsp14_240906_Au-0.364-Cu-0.273-Zn-0.364_pp0_rep1,vsp,14,240906,Au,Cu,Zn,2,2,2,1.3,2.9,1.3,10,1.3,2.33,880,14,,
vsp14_240906_Au-0.25-Cu-0.375-Zn-0.375_pp0_rep1,vsp,14,240906,Au,Cu,Zn,2,2,2,1.3,1.5,1.3,10,1.3,1.75,550,15,,
vsp14_240906_Au-0.5-Cu-0.125-Zn-0.375_pp0_rep1,vsp,14,240906,Au,Cu,Zn,2,2,2,1.3,8.8,1.3,10,1.3,5.24,2240,16,,
vsp14_240906_Au-0.2-Cu-0.4-Zn-0.4_pp0_rep1,vsp,14,240906,Au,Cu,Zn,2,2,2,1.3,1.1,1.3,10,1.3,1.75,490,17,,
vsp14_240906_Au-0.5-Cu-0.1-Zn-0.4_pp0_rep1,vsp,14,240906,Au,Cu,Zn,2,2,2,1.3,10,1.3,9.1,1.3,6.33,2530,18,,
vsp14_240906_Au-0.417-Cu-0.167-Zn-0.417_pp0_rep1,vsp,14,240906,Au,Cu,Zn,2,2,2,1.3,5.5,1.3,10,1.3,4.36,1530,19,,
vsp14_240906_Au-0.167-Cu-0.417-Zn-0.417_pp0_rep1,vsp,14,240906,Au,Cu,Zn,2,2,2,1.3,0.9,1.3,10,1.3,1.75,440,20,,
vsp14_240906_Au-0.444-Cu-0.111-Zn-0.444_pp0_rep1,vsp,14,240906,Au,Cu,Zn,2,2,2,1.3,8.8,1.3,10,1.3,6.99,2370,21,,
vsp14_240906_Au-0.222-Cu-0.333-Zn-0.444_pp0_rep1,vsp,14,240906,Au,Cu,Zn,2,2,2,1.3,1.5,1.3,10,1.3,2.33,600,22,,
vsp14_240906_Au-0.111-Cu-0.444-Zn-0.444_pp0_rep1,vsp,14,240906,Au,Cu,Zn,2,2,2,1.3,0.6,1.3,10,1.3,1.75,380,23,,
vsp14_240906_Au-0.25-Cu-0.25-Zn-0.5_pp0_rep1,vsp,14,240906,Au,Cu,Zn,2,2,2,1.3,2.2,1.3,0,1.3,3.5,840,24,,
vsp14_240906_Au-0.4-Cu-0.1-Zn-0.5_pp0_rep1,vsp,14,240906,Au,Cu,Zn,2,2,2,1.3,8.8,1.3,10,1.3,8.74,2510,25,,
vsp15_240809_Au-0.75-In-0.125-Pd-0.125_pp0_rep1,vsp,15,240809,Au,In,Pd,2,6,3,1.3,10,1.3,3.2,1.3,2,2260,1,,
vsp15_240809_Au-0.667-In-0.222-Pd-0.111_pp0_rep1,vsp,15,240809,Au,In,Pd,2,6,3,1.3,10,1.3,6.4,1.3,2,2440,2,,
vsp15_240809_Au-0.625-In-0.125-Pd-0.25_pp0_rep1,vsp,15,240809,Au,In,Pd,2,6,3,1.3,10,1.3,3.9,1.3,4.8,2540,3,,
vsp15_240809_Au-0.5-In-0.083-Pd-0.417_pp0_rep1,vsp,15,240809,Au,In,Pd,2,6,3,1.3,9.8,1.3,3.1,1.3,10,2900,4,,
vsp15_240809_Au-0.5-In-0.25-Pd-0.25_pp0_rep1,vsp,15,240809,Au,In,Pd,2,6,3,1.3,10,1.3,9.7,1.3,6,2970,5,,
vsp15_240809_Au-0.5-In-0.25-Pd-0.25_pp0_rep2,vsp,15,240809,Au,In,Pd,2,6,3,1.3,10,1.3,9.7,1.3,6,2970,6,,
vsp15_240809_Au-0.5-In-0.25-Pd-0.25_pp0_rep3,vsp,15,240809,Au,In,Pd,2,6,3,1.3,10,1.3,9.7,1.3,6,2970,7,,
vsp15_240809_Au-0.444-In-0.111-Pd-0.444_pp0_rep1,vsp,15,240809,Au,In,Pd,2,6,3,1.3,8.3,1.3,4,1.3,10,2650,8,,
vsp15_240809_Au-0.429-In-0.286-Pd-0.286_pp0_rep1,vsp,15,240809,Au,In,Pd,2,6,3,1.3,7.7,1.3,10,1.3,6.2,2560,9,,
vsp15_240809_Au-0.417-In-0.167-Pd-0.417_pp0_rep1,vsp,15,240809,Au,In,Pd,2,6,3,1.3,5.1,1.3,10,1.3,2.5,1760,10,,
vsp15_240809_Au-0.375-In-0.25-Pd-0.375_pp0_rep1,vsp,15,240809,Au,In,Pd,2,6,3,1.3,7.7,1.3,10,1.3,9.3,2830,11,,
vsp15_240809_Au-0.375-In-0.375-Pd-0.25_pp0_rep1,vsp,15,240809,Au,In,Pd,2,6,3,1.3,5.1,1.3,10,1.3,4.1,1900,12,,
vsp15_240809_Au-0.333-In-0.333-Pd-0.333_pp0_rep1,vsp,15,240809,Au,In,Pd,2,6,3,1.3,5.1,1.3,10,1.3,6.2,2080,13,,
vsp15_240809_Au-0.273-In-0.364-Pd-0.364_pp0_rep1,vsp,15,240809,Au,In,Pd,2,6,3,1.3,3.9,1.3,10,1.3,6.2,1830,14,,
vsp15_240809_Au-0.25-In-0.25-Pd-0.5_pp0_rep1,vsp,15,240809,Au,In,Pd,2,6,3,1.3,4.1,1.3,8.1,1.3,10,2100,15,,
vsp15_240809_Au-0.25-In-0.25-Pd-0.5_pp0_rep2,vsp,15,240809,Au,In,Pd,2,6,3,1.3,4.1,1.3,8.1,1.3,10,2100,16,,
vsp15_240809_Au-0.25-In-0.25-Pd-0.5_pp0_rep3,vsp,15,240809,Au,In,Pd,2,6,3,1.3,4.1,1.3,8.1,1.3,10,2100,17,,
vsp15_240809_Au-0.2-In-0.4-Pd-0.4_pp0_rep1,vsp,15,240809,Au,In,Pd,2,6,3,1.3,2.6,1.3,10,1.3,6.2,1580,18,,
vsp15_240809_Au-0.167-In-0.167-Pd-0.667_pp0_rep1,vsp,15,240809,Au,In,Pd,2,6,3,1.3,2.1,1.3,4,1.3,10,1470,19,,
vsp15_240809_Au-0.143-In-0.571-Pd-0.286_pp0_rep1,vsp,15,240809,Au,In,Pd,2,6,3,1.3,1.3,1.3,10,1.3,3.2,1080,20,,
vsp15_240809_Au-0.125-In-0.25-Pd-0.625_pp0_rep1,vsp,15,240809,Au,In,Pd,2,6,3,1.3,1.7,1.3,6.4,1.3,10,1530,21,,
vsp15_240809_Au-0.111-In-0.333-Pd-0.556_pp0_rep1,vsp,15,240809,Au,In,Pd,2,6,3,1.3,1.6,1.3,9.5,1.3,10,1700,22,,
vsp15_240809_Au-0.1-In-0.4-Pd-0.5_pp0_rep1,vsp,15,240809,Au,In,Pd,2,6,3,1.3,1.3,1.3,10,1.3,7.8,1470,23,,
vsp15_240809_Au-0.091-In-0.182-Pd-0.727_pp0_rep1,vsp,15,240809,Au,In,Pd,2,6,3,1.3,1,1.3,4,1.3,10,1270,24,,
vsp20_241011_Ag-0.1-Au-0.5-Cu-0.4_pp0_rep1,vsp,20,241011,Ag,Au,Cu,3,2,2,0.5,1,1.3,2.8,1.3,10,720,1,,
vsp20_241011_Ag-0.1-Au-0.5-Cu-0.4_pp0_rep4,vsp,20,241011,Ag,Au,Cu,3,2,2,1.3,1.6,1.3,2.8,1.3,10,720,2,,
vsp20_241011_Ag-0.1-Au-0.5-Cu-0.4_pp0_rep5,vsp,20,241011,Ag,Au,Cu,3,2,2,1.3,1.6,1.3,2.8,1.3,10,720,3,,
vsp20_241011_Ag-0.111-Au-0.667-Cu-0.222_pp0_rep1,vsp,20,241011,Ag,Au,Cu,3,2,2,1.3,3.3,1.3,6.6,1.3,10,1510,4,,
vsp20_241011_Ag-0.125-Au-0.75-Cu-0.125_pp0_rep1,vsp,20,241011,Ag,Au,Cu,3,2,2,1.3,4.9,1.3,10,1.3,7.6,2180,5,,
vsp20_241011_Ag-0.167-Au-0.5-Cu-0.333_pp0_rep1,vsp,20,241011,Ag,Au,Cu,3,2,2,1.3,3.3,1.3,3.3,1.3,10,880,6,,
vsp20_241011_Ag-0.167-Au-0.667-Cu-0.167_pp0_rep1,vsp,20,241011,Ag,Au,Cu,3,2,2,1.3,6.5,1.3,8.8,1.3,10,2050,7,,
vsp20_241011_Ag-0.182-Au-0.727-Cu-0.091_pp0_rep1,vsp,20,241011,Ag,Au,Cu,3,2,2,1.3,7.4,1.3,10,1.3,5.7,2240,8,,
vsp20_241011_Ag-0.222-Au-0.667-Cu-0.111_pp0_rep1,vsp,20,241011,Ag,Au,Cu,3,2,2,1.3,9.8,1.3,10,1.3,7.5,2350,9,,
vsp20_241011_Ag-0.25-Au-0.25-Cu-0.5_pp0_rep1,vsp,20,241011,Ag,Au,Cu,3,2,2,1.3,3.3,1.3,1.1,1.3,10,460,10,,
vsp20_241011_Ag-0.25-Au-0.25-Cu-0.5_pp0_rep4,vsp,20,241011,Ag,Au,Cu,3,2,2,1.3,3.3,1.3,1.1,1.3,10,460,11,,
vsp20_241011_Ag-0.25-Au-0.25-Cu-0.5_pp0_rep5,vsp,20,241011,Ag,Au,Cu,3,2,2,1.3,3.3,1.3,1.1,1.3,10,460,12,,
vsp20_241011_Ag-0.25-Au-0.5-Cu-0.25_pp0_rep1,vsp,20,241011,Ag,Au,Cu,3,2,2,1.3,6.5,1.3,4.4,1.3,10,1210,13,,
vsp20_241011_Ag-0.333-Au-0.333-Cu-0.333_pp0_rep1,vsp,20,241011,Ag,Au,Cu,3,2,2,1.3,6.5,1.3,2.2,1.3,10,780,14,,
vsp20_241011_Ag-0.333-Au-0.333-Cu-0.333_pp0_rep4,vsp,20,241011,Ag,Au,Cu,3,2,2,1.3,6.5,1.3,2.2,1.3,10,780,15,,
vsp20_241011_Ag-0.333-Au-0.333-Cu-0.333_pp0_rep5,vsp,20,241011,Ag,Au,Cu,3,2,2,1.3,6.5,1.3,2.2,1.3,10,780,16,,
vsp20_241011_Ag-0.375-Au-0.375-Cu-0.25_pp0_rep1,vsp,20,241011,Ag,Au,Cu,3,2,2,1.3,9.8,1.3,3.3,1.3,10,1110,17,,
vsp20_241011_Ag-0.4-Au-0.5-Cu-0.1_pp0_rep1,vsp,20,241011,Ag,Au,Cu,3,2,2,1.3,10,1.3,4.2,1.3,3.8,1220,18,,
vsp20_241011_Ag-0.444-Au-0.444-Cu-0.111_pp0_rep1,vsp,20,241011,Ag,Au,Cu,3,2,2,1.3,10,1.3,3.4,1.3,3.8,1050,19,,
vsp20_241011_Ag-0.5-Au-0.25-Cu-0.25_pp0_rep1,vsp,20,241011,Ag,Au,Cu,3,2,2,1.3,10,1.3,1.7,1.3,7.7,780,20,,
vsp20_241011_Ag-0.625-Au-0.25-Cu-0.125_pp0_rep1,vsp,20,241011,Ag,Au,Cu,3,2,2,1.3,10,1.3,1.4,1.3,3.1,660,21,,
vsp20_241011_Ag-0.667-Au-0.222-Cu-0.111_pp0_rep1,vsp,20,241011,Ag,Au,Cu,3,2,2,1.3,10,1.3,1.1,1.3,2.6,610,22,,
vsp20_241011_Ag-0.8-Cu-0.2_pp0_rep1,vsp,20,241011,Ag,Au,Cu,3,2,2,1.3,10,0,0,1.3,3.8,410,23,,
vsp20_241011_Ag-0.833-Cu-0.167_pp0_rep1,vsp,20,241011,Ag,Au,Cu,3,2,2,1.3,10,0,0,1.3,3.1,390,24,,
vsp20_241011_Ag-0.889-Cu-0.111_pp0_rep1,vsp,20,241011,Ag,Au,Cu,3,2,2,1.3,10,0,0,1.3,1.9,380,25,,
vsp23_241025_Ag-0.143-Ga-0.857_pp0_rep1,vsp,23,241025,Ag,Ga:Ag 1:1,,3,2,,0.50,0.80,1.30,10.00,,,310,1,,
vsp23_241025_Ag-0.143-Ga-0.857_pp0_rep2,vsp,23,241025,Ag,Ga:Ag 1:1,,3,2,,0.50,0.80,1.30,10.00,,,310,2,,
vsp23_241025_Ag-0.143-Ga-0.857_pp0_rep3,vsp,23,241025,Ag,Ga:Ag 1:1,,3,2,,0.50,0.80,1.30,10.00,,,310,3,,
vsp23_241025_Ag-0.167-Ga-0.833_pp0_rep1,vsp,23,241025,Ag,Ga:Ag 1:1,,3,2,,1.30,1.60,1.30,10.00,,,330,4,,
vsp23_241025_Ag-0.2-Ga-0.8_pp0_rep1,vsp,23,241025,Ag,Ga:Ag 1:1,,3,2,,1.30,2.10,1.30,10.00,,,350,5,,
vsp23_241025_Ag-0.25-Ga-0.75_pp0_rep1,vsp,23,241025,Ag,Ga:Ag 1:1,,3,2,,1.30,2.90,1.30,10.00,,,380,6,,
vsp23_241025_Ag-0.25-Ga-0.75_pp0_rep2,vsp,23,241025,Ag,Ga:Ag 1:1,,3,2,,1.30,2.90,1.30,10.00,,,380,7,,
vsp23_241025_Ag-0.25-Ga-0.75_pp0_rep3,vsp,23,241025,Ag,Ga:Ag 1:1,,3,2,,1.30,2.90,1.30,10.00,,,380,8,,
vsp23_241025_Ag-0.3-Ga-0.7_pp0_rep1,vsp,23,241025,Ag,Ga:Ag 1:1,,3,2,,1.30,3.90,1.30,10.00,,,420,9,,
vsp23_241025_Ag-0.333-Ga-0.667_pp0_rep1,vsp,23,241025,Ag,Ga:Ag 1:1,,3,2,,1.30,4.60,1.30,10.00,,,440,10,,
vsp23_241025_Ag-0.5-Ga-0.5_pp0_rep1,vsp,23,241025,Ag,Ga:Ag 1:1,,3,2,,1.30,9.80,1.30,10.00,,,640,11,,
vsp23_241025_Ag-0.5-Ga-0.5_pp0_rep2,vsp,23,241025,Ag,Ga:Ag 1:1,,3,2,,1.30,9.80,1.30,10.00,,,640,12,,
vsp23_241025_Ag-0.5-Ga-0.5_pp0_rep3,vsp,23,241025,Ag,Ga:Ag 1:1,,3,2,,1.30,9.80,1.30,10.00,,,640,13,,
vsp23_241025_Ag-0.556-Ga-0.444_pp0_rep1,vsp,23,241025,Ag,Ga:Ag 1:1,,3,2,,1.30,10.00,1.30,7.90,,,590,14,,
vsp23_241025_Ag-0.583-Ga-0.417_pp0_rep1,vsp,23,241025,Ag,Ga:Ag 1:1,,3,2,,1.30,10.00,1.30,7.20,,,570,15,,
vsp23_241025_Ag-0.625-Ga-0.375_pp0_rep1,vsp,23,241025,Ag,Ga:Ag 1:1,,3,2,,1.30,10.00,1.30,5.80,,,530,16,,
vsp23_241025_Ag-0.667-Ga-0.333_pp0_rep1,vsp,23,241025,Ag,Ga:Ag 1:1,,3,2,,1.30,10.00,1.30,4.90,,,500,17,,
vsp23_241025_Ag-0.7-Ga-0.3_pp0_rep1,vsp,23,241025,Ag,Ga:Ag 1:1,,3,2,,1.30,10.00,1.30,4.20,,,490,18,,
vsp23_241025_Ag-0.714-Ga-0.286_pp0_rep1,vsp,23,241025,Ag,Ga:Ag 1:1,,3,2,,1.30,10.00,1.30,4.00,,,480,19,,
vsp23_241025_Ag-0.722-Ga-0.278_pp0_rep1,vsp,23,241025,Ag,Ga:Ag 1:1,,3,2,,1.30,10.00,1.30,3.80,,,480,20,,
vsp23_241025_Ag-0.75-Ga-0.25_pp0_rep1,vsp,23,241025,Ag,Ga:Ag 1:1,,3,2,,1.30,10.00,1.30,3.30,,,460,21,,
vsp23_241025_Ag-0.75-Ga-0.25_pp0_rep2,vsp,23,241025,Ag,Ga:Ag 1:1,,3,2,,1.30,10.00,1.30,3.30,,,460,22,,
vsp23_241025_Ag-0.75-Ga-0.25_pp0_rep3,vsp,23,241025,Ag,Ga:Ag 1:1,,3,2,,1.30,10.00,1.30,3.30,,,460,23,,
vsp23_241025_Ag-0.8-Ga-0.2_pp0_rep1,vsp,23,241025,Ag,Ga:Ag 1:1,,3,2,,1.30,10.00,1.30,2.40,,,440,24,,
vsp23_241025_Ag-0.833-Ga-0.167_pp0_rep1,vsp,23,241025,Ag,Ga:Ag 1:1,,3,2,,1.30,10.00,1.30,2.00,,,430,25,,
vsp23_241025_Ag-0.875-Ga-0.125_pp0_rep1,vsp,23,241025,Ag,Ga:Ag 1:1,,3,2,,1.30,10.00,1.30,1.30,,,410,26,,
vsp23_241025_Ag-0.889-Ga-0.111_pp0_rep1,vsp,23,241025,Ag,Ga:Ag 1:1,,3,2,,1.30,10.00,1.30,1.20,,,400,27,,
vsp26_241004_Au-0.333-Ga-0.667_pp0_rep1,vsp,26,241004,Au,Ga:Au 4:1,,2,2,,0.50,2.45,1.30,10.00,,,470,1,,
vsp26_241004_Au-0.333-Ga-0.667_pp0_rep2,vsp,26,241004,Au,Ga:Au 4:1,,2,2,,0.50,2.45,1.30,10.00,,,510,2,,
vsp26_241004_Au-0.333-Ga-0.667_pp0_rep3,vsp,26,241004,Au,Ga:Au 4:1,,2,2,,0.50,2.45,1.30,10.00,,,580,3,,
vsp26_241004_Au-0.5-Ga-0.5_pp0_rep1,vsp,26,241004,Au,Ga:Au 4:1,,2,2,,1.30,2.47,1.30,10.00,,,660,4,,
vsp26_241004_Au-0.5-Ga-0.5_pp0_rep2,vsp,26,241004,Au,Ga:Au 4:1,,2,2,,1.30,2.47,1.30,10.00,,,760,5,,
vsp26_241004_Au-0.5-Ga-0.5_pp0_rep3,vsp,26,241004,Au,Ga:Au 4:1,,2,2,,1.30,2.47,1.30,10.00,,,860,6,,
vsp26_241004_Au-0.571-Ga-0.429_pp0_rep1,vsp,26,241004,Au,Ga:Au 4:1,,2,2,,1.30,3.45,1.30,10.00,,,980,7,,
vsp26_241004_Au-0.6-Ga-0.4_pp0_rep1,vsp,26,241004,Au,Ga:Au 4:1,,2,2,,1.30,3.97,1.30,10.00,,,1120,8,,
vsp26_241004_Au-0.6-Ga-0.4_pp0_rep2,vsp,26,241004,Au,Ga:Au 4:1,,2,2,,1.30,3.97,1.30,10.00,,,1290,9,,
vsp26_241004_Au-0.6-Ga-0.4_pp0_rep3,vsp,26,241004,Au,Ga:Au 4:1,,2,2,,1.30,3.97,1.30,10.00,,,1490,10,,
vsp26_241004_Au-0.667-Ga-0.333_pp0_rep1,vsp,26,241004,Au,Ga:Au 4:1,,2,2,,1.30,5.57,1.30,10.00,,,1730,11,,
vsp26_241004_Au-0.667-Ga-0.333_pp0_rep2,vsp,26,241004,Au,Ga:Au 4:1,,2,2,,1.30,5.57,1.30,10.00,,,2040,12,,
vsp26_241004_Au-0.667-Ga-0.333_pp0_rep3,vsp,26,241004,Au,Ga:Au 4:1,,2,2,,1.30,5.57,1.30,10.00,,,2430,13,,
vsp26_241004_Au-0.75-Ga-0.25_pp0_rep1,vsp,26,241004,Au,Ga:Au 4:1,,2,2,,1.30,10.00,1.30,10.00,,,2650,14,,
vsp26_241004_Au-0.75-Ga-0.25_pp0_rep2,vsp,26,241004,Au,Ga:Au 4:1,,2,2,,1.30,10.00,1.30,10.00,,,2560,15,,
vsp26_241004_Au-0.75-Ga-0.25_pp0_rep3,vsp,26,241004,Au,Ga:Au 4:1,,2,2,,1.30,10.00,1.30,10.00,,,2520,16,,
vsp26_241004_Au-0.778-Ga-0.222_pp0_rep1,vsp,26,241004,Au,Ga:Au 4:1,,2,2,,1.30,10.00,1.30,9.87,,,2510,17,,
vsp26_241004_Au-0.778-Ga-0.222_pp0_rep2,vsp,26,241004,Au,Ga:Au 4:1,,2,2,,1.30,10.00,1.30,9.87,,,2470,18,,
vsp26_241004_Au-0.778-Ga-0.222_pp0_rep3,vsp,26,241004,Au,Ga:Au 4:1,,2,2,,1.30,10.00,1.30,9.87,,,2400,19,,
vsp26_241004_Au-0.8-Ga-0.2_pp0_rep1,vsp,26,241004,Au,Ga:Au 4:1,,2,2,,1.30,10.00,1.30,8.69,,,2380,20,,
vsp26_241004_Au-0.833-Ga-0.167_pp0_rep1,vsp,26,241004,Au,Ga:Au 4:1,,2,2,,1.30,10.00,1.30,7.06,,,2340,21,,
vsp26_241004_Au-0.875-Ga-0.125_pp0_rep1,vsp,26,241004,Au,Ga:Au 4:1,,2,2,,1.30,10.00,1.30,5.04,,,2300,22,,
vsp26_241004_Au-0.889-Ga-0.111_pp0_rep1,vsp,26,241004,Au,Ga:Au 4:1,,2,2,,1.30,10.00,1.30,4.20,,,2280,23,,
vsp26_241004_Au-0.889-Ga-0.111_pp0_rep2,vsp,26,241004,Au,Ga:Au 4:1,,2,2,,1.30,10.00,1.30,4.20,,,2250,24,,
vsp26_241004_Au-0.889-Ga-0.111_pp0_rep3,vsp,26,241004,Au,Ga:Au 4:1,,2,2,,1.30,10.00,1.30,4.20,,,2230,25,,
vsp27_241030_Au-0.091-Ga-0.182-Pd-0.727_pp0_rep1,vsp,27,241030,Au,Ga:Au 4:1,Pd,2,2,3,0.5,1.89,1.30,4.49,1.3,10.00,330,1,,
vsp27_241030_Au-0.091-Ga-0.182-Pd-0.727_pp0_rep2,vsp,27,241030,Au,Ga:Au 4:1,Pd,2,2,3,0.5,1.89,0.50,4.49,1.3,10.00,330,2,,
vsp27_241030_Au-0.091-Ga-0.182-Pd-0.727_pp0_rep3,vsp,27,241030,Au,Ga:Au 4:1,Pd,2,2,3,0.5,1.89,0.50,4.49,1.3,10.00,330,3,,
vsp27_241030_Au-0.167-Ga-0.667-Pd-0.167_pp0_rep1,vsp,27,241030,Au,Ga:Au 4:1,Pd,2,2,3,0.5,1.79,1.30,10.00,1.3,1.39,530,4,,
vsp27_241030_Au-0.167-Ga-0.667-Pd-0.167_pp0_rep2,vsp,27,241030,Au,Ga:Au 4:1,Pd,2,2,3,0.5,1.79,1.30,10.00,1.3,1.39,530,5,,
vsp27_241030_Au-0.167-Ga-0.667-Pd-0.167_pp0_rep4,vsp,27,241030,Au,Ga:Au 4:1,Pd,2,2,3,0.5,1.79,1.30,10.00,1.3,1.39,530,6,,
vsp27_241030_Au-0.2-Ga-0.4-Pd-0.4_pp0_rep1,vsp,27,241030,Au,Ga:Au 4:1,Pd,2,2,3,0.5,4.21,1.30,10.00,1.3,5.50,740,7,,
vsp27_241030_Au-0.2-Ga-0.4-Pd-0.4_pp0_rep2,vsp,27,241030,Au,Ga:Au 4:1,Pd,2,2,3,0.5,4.21,1.30,10.00,1.3,5.50,740,8,,
vsp27_241030_Au-0.2-Ga-0.4-Pd-0.4_pp0_rep3,vsp,27,241030,Au,Ga:Au 4:1,Pd,2,2,3,0.5,4.21,1.30,10.00,1.3,5.50,740,9,,
vsp27_241030_Au-0.25-Ga-0.25-Pd-0.5_pp0_rep1,vsp,27,241030,Au,Ga:Au 4:1,Pd,2,2,3,1.3,3.19,1.30,9.10,1.3,10.00,1070,10,,
vsp27_241030_Au-0.25-Ga-0.25-Pd-0.5_pp0_rep2,vsp,27,241030,Au,Ga:Au 4:1,Pd,2,2,3,1.3,3.19,1.30,9.10,1.3,10.00,1070,11,,
vsp27_241030_Au-0.25-Ga-0.25-Pd-0.5_pp0_rep3,vsp,27,241030,Au,Ga:Au 4:1,Pd,2,2,3,1.3,3.19,1.30,9.10,1.3,10.00,1070,12,,
vsp27_241030_Au-0.286-Ga-0.143-Pd-0.571_pp0_rep1,vsp,27,241030,Au,Ga:Au 4:1,Pd,2,2,3,1.3,3.37,1.30,4.47,1.3,10.00,940,13,,
vsp27_241030_Au-0.333-Ga-0.5-Pd-0.167_pp0_rep1,vsp,27,241030,Au,Ga:Au 4:1,Pd,2,2,3,1.3,2.22,1.30,10.00,1.3,1.87,880,14,,
vsp27_241030_Au-0.333-Ga-0.5-Pd-0.167_pp0_rep2,vsp,27,241030,Au,Ga:Au 4:1,Pd,2,2,3,1.3,2.22,1.30,10.00,1.3,1.87,880,15,,
vsp27_241030_Au-0.333-Ga-0.5-Pd-0.167_pp0_rep3,vsp,27,241030,Au,Ga:Au 4:1,Pd,2,2,3,1.3,2.22,1.30,10.00,1.3,1.87,880,16,,
vsp27_241030_Au-0.5-Ga-0.4-Pd-0.1_pp0_rep1,vsp,27,241030,Au,Ga:Au 4:1,Pd,2,2,3,1.3,4.45,1.30,10.00,1.3,1.37,1390,17,,
vsp27_241030_Au-0.5-Ga-0.4-Pd-0.1_pp0_rep2,vsp,27,241030,Au,Ga:Au 4:1,Pd,2,2,3,1.3,4.45,1.30,10.00,1.3,1.37,1390,18,,
vsp27_241030_Au-0.5-Ga-0.4-Pd-0.1_pp0_rep3,vsp,27,241030,Au,Ga:Au 4:1,Pd,2,2,3,1.3,4.45,1.30,10.00,1.3,1.37,1390,19,,
vsp27_241030_Au-0.3-Ga-0.1-Pd-0.6_pp0_rep1,vsp,27,241030,Au,Ga:Au 4:1,Pd,2,2,3,1.3,3.35,1.30,3.03,1.3,10.00,880,20,,
vsp27_241030_Au-0.25-Ga-0.15-Pd-0.6_pp0_rep1,vsp,27,241030,Au,Ga:Au 4:1,Pd,2,2,3,1.3,2.74,1.30,4.55,1.3,10.00,790,21,,
vsp27_241030_Au-0.2-Ga-0.35-Pd-0.45_pp0_rep1,vsp,27,241030,Au,Ga:Au 4:1,Pd,2,2,3,1.3,1.89,1.30,10.00,1.3,7.07,800,22,,
vsp27_241030_Au-0.15-Ga-0.45-Pd-0.4_pp0_rep1,vsp,27,241030,Au,Ga:Au 4:1,Pd,2,2,3,0.5,2.57,1.30,10.00,1.3,4.89,590,23,,
vsp27_241030_Au-0.1-Ga-0.55-Pd-0.35_pp0_rep1,vsp,27,241030,Au,Ga:Au 4:1,Pd,2,2,3,0.5,1.08,1.30,10.00,1.3,3.50,460,24,,
vsp27_241030_Au-0.2-Ga-0.75-Pd-0.05_pp0_rep1,vsp,27,241030,Au,Ga:Au 4:1,Pd,2,2,3,0.5,1.91,1.30,10.00,0.5,0.95,540,25,,
vsp28_240927_Au-0.1-Cu-0.4-Pd-0.5_pp0_rep1,vsp,28,240927,Au,Cu,Pd,2,2,3,0.50,1.00,1.30,10.00,1.30,3.34,400,1,,
vsp28_240927_Au-0.125-Cu-0.25-Pd-0.625_pp0_rep1,vsp,28,240927,Au,Cu,Pd,2,2,3,0.50,2.98,1.30,10.00,1.30,6.73,400,2,,
vsp28_240927_Au-0.167-Cu-0.333-Pd-0.5_pp0_rep1,vsp,28,240927,Au,Cu,Pd,2,2,3,0.50,2.96,1.30,10.00,1.30,4.05,400,3,,
vsp28_240927_Au-0.222-Cu-0.222-Pd-0.556_pp0_rep1,vsp,28,240927,Au,Cu,Pd,2,2,3,1.30,2.21,1.30,10.00,1.30,6.80,280,4,,
vsp28_240927_Au-0.222-Cu-0.444-Pd-0.333_pp0_rep1,vsp,28,240927,Au,Cu,Pd,2,2,3,1.30,1.10,1.30,10.00,1.30,2.00,250,5,,
vsp28_240927_Au-0.25-Cu-0.25-Pd-0.5_pp0_rep1,vsp,28,240927,Au,Cu,Pd,2,2,3,1.30,2.21,1.30,10.00,1.30,5.34,430,6,,
vsp28_240927_Au-0.25-Cu-0.375-Pd-0.375_pp0_rep1,vsp,28,240927,Au,Cu,Pd,2,2,3,1.30,1.45,1.30,10.00,1.30,2.67,300,7,,
vsp28_240927_Au-0.25-Cu-0.5-Pd-0.25_pp0_rep1,vsp,28,240927,Au,Cu,Pd,2,2,3,1.30,1.10,1.30,10.00,1.30,1.33,270,8,,
vsp28_240927_Au-0.286-Cu-0.286-Pd-0.429_pp0_rep1,vsp,28,240927,Au,Cu,Pd,2,2,3,1.30,2.21,1.30,10.00,1.30,3.96,310,9,,
vsp28_240927_Au-0.333-Cu-0.333-Pd-0.333_pp0_rep1,vsp,28,240927,Au,Cu,Pd,2,2,3,1.30,2.21,1.30,10.00,1.30,2.67,1010,10,,
vsp28_240927_Au-0.333-Cu-0.444-Pd-0.222_pp0_rep1,vsp,28,240927,Au,Cu,Pd,2,2,3,1.30,1.66,1.30,10.00,1.30,1.33,1010,11,,
vsp28_240927_Au-0.375-Cu-0.25-Pd-0.375_pp0_rep1,vsp,28,240927,Au,Cu,Pd,2,2,3,1.30,3.36,1.30,10.00,1.30,4.06,1010,12,,
vsp28_240927_Au-0.4-Cu-0.2-Pd-0.4_pp0_rep1,vsp,28,240927,Au,Cu,Pd,2,2,3,1.30,4.41,1.30,10.00,1.30,5.34,460,13,,
vsp28_240927_Au-0.4-Cu-0.5-Pd-0.1_pp0_rep1,vsp,28,240927,Au,Cu,Pd,2,2,3,1.30,1.77,1.30,10.00,0.50,1.39,780,14,,
vsp28_240927_Au-0.417-Cu-0.417-Pd-0.167_pp0_rep1,vsp,28,240927,Au,Cu,Pd,2,2,3,1.30,2.21,1.30,10.00,1.30,1.08,780,15,,
vsp28_240927_Au-0.429-Cu-0.286-Pd-0.286_pp0_rep1,vsp,28,240927,Au,Cu,Pd,2,2,3,1.30,3.27,1.30,10.00,1.30,2.67,780,16,,
vsp28_240927_Au-0.444-Cu-0.222-Pd-0.333_pp0_rep1,vsp,28,240927,Au,Cu,Pd,2,2,3,1.30,4.41,1.30,10.00,1.30,4.00,700,17,,
vsp28_240927_Au-0.444-Cu-0.444-Pd-0.111_pp0_rep1,vsp,28,240927,Au,Cu,Pd,2,2,3,1.30,2.21,1.30,10.00,0.50,1.74,520,18,,
vsp28_240927_Au-0.5-Cu-0.25-Pd-0.25_pp0_rep1,vsp,28,240927,Au,Cu,Pd,2,2,3,1.30,4.41,1.30,10.00,1.30,2.67,610,19,,
vsp28_240927_Au-0.5-Cu-0.375-Pd-0.125_pp0_rep1,vsp,28,240927,Au,Cu,Pd,2,2,3,1.30,2.90,1.30,10.00,0.50,2.37,1210,20,,
vsp28_240927_Au-0.5-Cu-0.4-Pd-0.1_pp0_rep1,vsp,28,240927,Au,Cu,Pd,2,2,3,1.30,2.76,1.30,10.00,0.50,1.74,1310,21,,
vsp28_240927_Au-0.667-Cu-0.111-Pd-0.222_pp0_rep1,vsp,28,240927,Au,Cu,Pd,2,2,3,1.30,10.00,1.30,7.44,1.30,3.97,1530,22,,
vsp28_240927_Au-0.667-Cu-0.167-Pd-0.167_pp0_rep1,vsp,28,240927,Au,Cu,Pd,2,2,3,1.30,8.70,1.30,10.00,1.30,2.67,2160,23,,
vsp28_240927_Au-0.667-Cu-0.222-Pd-0.111_pp0_rep1,vsp,28,240927,Au,Cu,Pd,2,2,3,1.30,6.72,1.30,10.00,1.30,1.33,2110,24,,
vsp28_240927_Au-0.75-Cu-0.125-Pd-0.125_pp0_rep1,vsp,28,240927,Au,Cu,Pd,2,2,3,1.30,10.00,1.30,7.85,1.30,2.10,2030,25,,
vsp29_241004_Ag-0.1-Au-0.5-Pd-0.4_pp0_rep1,vsp,29,241004,Ag,Au,Pd,3,2,3,0.5,1.0,1.3,10.0,1.3,9.7,2930,1,,
vsp29_241004_Ag-0.125-Au-0.125-Pd-0.75_pp0_rep1,vsp,29,241004,Ag,Au,Pd,3,2,3,1.3,4.1,1.3,1.4,1.3,10.0,1260,2,,
vsp29_241004_Ag-0.125-Au-0.5-Pd-0.375_pp0_rep1,vsp,29,241004,Ag,Au,Pd,3,2,3,1.3,7.4,1.3,10.0,1.3,9.1,2930,3,,
vsp29_241004_Ag-0.125-Au-0.75-Pd-0.125_pp0_rep3,vsp,29,241004,Ag,Au,Pd,3,2,3,1.3,4.9,1.3,10.0,1.3,2.0,2250,4,,
vsp29_241004_Ag-0.143-Au-0.286-Pd-0.571_pp0_rep1,vsp,29,241004,Ag,Au,Pd,3,2,3,1.3,6.1,1.3,4.1,1.3,10.0,1860,5,,
vsp29_241004_Ag-0.167-Au-0.167-Pd-0.667_pp0_rep1,vsp,29,241004,Ag,Au,Pd,3,2,3,1.3,6.1,1.3,2.1,1.3,10.0,1460,6,,
vsp29_241004_Ag-0.167-Au-0.417-Pd-0.417_pp0_rep1,vsp,29,241004,Ag,Au,Pd,3,2,3,1.3,9.8,1.3,8.3,1.3,10.0,2770,7,,
vsp29_241004_Ag-0.167-Au-0.5-Pd-0.333_pp0_rep1,vsp,29,241004,Ag,Au,Pd,3,2,3,1.3,9.8,1.3,10.0,1.3,8.1,2940,8,,
vsp29_241004_Ag-0.167-Au-0.667-Pd-0.167_pp0_rep1,vsp,29,241004,Ag,Au,Pd,3,2,3,1.3,7.4,1.3,10.0,1.3,3.0,2420,9,,
vsp29_241004_Ag-0.25-Au-0.25-Pd-0.5_pp0_rep1,vsp,29,241004,Ag,Au,Pd,3,2,3,1.3,10.0,1.3,3.4,1.3,8.2,1700,10,,
vsp29_241004_Ag-0.25-Au-0.375-Pd-0.375_pp0_rep1,vsp,29,241004,Ag,Au,Pd,3,2,3,1.3,10.0,1.3,5.1,1.3,6.2,1850,11,,
vsp29_241004_Ag-0.25-Au-0.5-Pd-0.25_pp0_rep3,vsp,29,241004,Ag,Au,Pd,3,2,3,1.3,10.0,1.3,6.8,1.3,4.1,1990,12,,
vsp29_241004_Ag-0.273-Au-0.636-Pd-0.091_pp0_rep1,vsp,29,241004,Ag,Au,Pd,3,2,3,1.3,10.0,1.3,7.9,1.3,1.4,1970,13,,
vsp29_241004_Ag-0.333-Au-0.333-Pd-0.333_pp0_rep1,vsp,29,241004,Ag,Au,Pd,3,2,3,1.3,10.0,1.3,3.4,1.3,4.1,1350,14,,
vsp29_241004_Ag-0.375-Au-0.375-Pd-0.25_pp0_rep1,vsp,29,241004,Ag,Au,Pd,3,2,3,1.3,10.0,1.3,3.4,1.3,2.7,1230,15,,
vsp29_241004_Ag-0.375-Au-0.5-Pd-0.125_pp0_rep1,vsp,29,241004,Ag,Au,Pd,3,2,3,1.3,10.0,1.3,4.5,0.5,3.6,1330,16,,
vsp29_241004_Ag-0.417-Au-0.083-Pd-0.5_pp0_rep1,vsp,29,241004,Ag,Au,Pd,3,2,3,1.3,10.0,0.5,1.8,1.3,4.9,900,17,,
vsp29_241004_Ag-0.429-Au-0.143-Pd-0.429_pp0_rep1,vsp,29,241004,Ag,Au,Pd,3,2,3,1.3,10.0,0.5,2.9,1.3,4.1,920,18,,
vsp29_241004_Ag-0.429-Au-0.286-Pd-0.286_pp0_rep1,vsp,29,241004,Ag,Au,Pd,3,2,3,1.3,10.0,1.3,2.3,1.3,2.7,1020,19,,
vsp29_241004_Ag-0.444-Au-0.444-Pd-0.111_pp0_rep1,vsp,29,241004,Ag,Au,Pd,3,2,3,1.3,10.0,1.3,3.4,1.3,1.0,1090,20,,
vsp29_241004_Ag-0.5-Au-0.125-Pd-0.375_pp0_rep1,vsp,29,241004,Ag,Au,Pd,3,2,3,1.3,10.0,0.5,2.2,1.3,3.1,780,21,,
vsp29_241004_Ag-0.5-Au-0.167-Pd-0.333_pp0_rep1,vsp,29,241004,Ag,Au,Pd,3,2,3,1.3,10.0,0.5,2.9,1.3,2.7,800,22,,
vsp29_241004_Ag-0.5-Au-0.25-Pd-0.25_pp0_rep3,vsp,29,241004,Ag,Au,Pd,3,2,3,1.3,10.0,1.3,1.7,1.3,2.1,850,23,,
vsp29_241004_Ag-0.5-Au-0.375-Pd-0.125_pp0_rep1,vsp,29,241004,Ag,Au,Pd,3,2,3,1.3,10.0,1.3,2.5,0.5,2.7,930,24,,
vsp29_241004_Ag-0.75-Au-0.125-Pd-0.125_pp0_rep3,vsp,29,241004,Ag,Au,Pd,3,2,3,1.3,10.0,0.5,1.5,0.5,1.8,520,25,,